Date,Open,High,Low,Close,Volume,Adj Close
2016-11-22,154.26,154.39,153.50,153.94,11100,153.94
2016-11-21,152.80,154.59,152.80,154.24,8800,154.24
2016-11-18,151.11,152.82,151.11,152.50,7500,152.50
2016-11-17,149.00,150.53,149.00,150.25,21400,150.25
2016-11-16,148.55,149.40,148.55,149.26,15800,149.26
2016-11-15,148.43,148.43,147.50,148.22,8000,148.22
2016-11-14,147.02,148.92,147.02,148.44,14800,148.44
2016-11-11,145.00,146.99,145.00,146.23,16800,146.23
2016-11-10,143.00,145.48,143.00,144.80,13900,144.80
2016-11-09,142.00,142.13,136.60,137.08,18500,137.08
2016-11-08,143.98,143.98,141.46,141.79,10500,141.79
2016-11-07,138.88,142.62,138.88,141.01,9300,141.01
2016-11-04,139.50,139.89,138.95,139.29,11900,139.29
2016-11-03,140.98,140.98,139.54,139.55,22700,139.55
2016-11-02,141.99,141.99,140.86,141.08,17700,141.08
2016-11-01,143.36,143.55,142.56,142.68,16600,142.68
2016-10-31,143.46,143.61,143.19,143.38,11300,143.38
2016-10-28,144.00,144.00,143.49,143.56,12500,143.56
2016-10-27,145.90,145.90,142.71,143.48,6600,143.48
2016-10-26,144.74,144.74,142.19,142.66,7200,142.66
2016-10-25,144.40,145.34,144.40,144.74,9500,144.74
2016-10-24,143.47,144.74,143.40,144.32,5100,144.32
2016-10-21,143.94,144.35,143.72,143.80,4300,143.80
2016-10-20,142.78,143.75,142.30,143.73,4100,143.73
2016-10-19,142.80,143.28,142.75,143.28,9100,143.28
2016-10-14,144.59,144.95,143.87,144.35,12200,144.35
2016-10-13,145.39,145.56,144.59,144.59,3500,144.59
2016-10-12,145.56,145.72,145.07,145.25,7600,145.25
2016-10-11,146.20,147.00,146.20,146.88,5800,146.88
2016-10-10,146.20,146.59,145.48,145.92,7300,145.92
2016-10-07,145.88,146.40,145.88,146.23,11100,146.23
2016-10-06,145.00,145.98,145.00,145.82,13700,145.82
2016-10-05,145.00,145.60,144.52,144.88,6600,144.88
2016-10-04,145.49,145.49,144.22,145.00,3900,145.00
2016-10-03,145.00,145.99,144.50,145.50,10900,145.50
2016-09-30,144.94,144.96,144.50,144.50,5300,144.50
2016-09-29,145.00,145.30,144.79,145.30,8300,145.30
2016-09-28,144.61,144.62,144.07,144.35,8000,144.35
2016-09-27,144.56,144.93,144.23,144.79,4300,144.79
2016-09-26,146.00,146.02,145.54,145.58,5400,145.58
2016-09-23,145.82,146.46,145.79,146.29,10500,146.29
2016-09-22,145.31,145.46,144.95,144.95,10700,144.95
2016-09-21,145.65,146.00,144.91,145.73,6000,145.73
2016-09-20,145.89,146.19,145.62,145.73,7300,145.73
2016-09-19,146.70,146.80,145.98,146.00,6400,146.00
2016-09-16,146.06,146.39,145.89,146.03,8700,146.03
2016-09-15,145.58,146.01,145.31,145.71,7900,145.71
2016-09-14,146.42,146.55,145.94,146.00,13200,146.00
2016-09-13,147.00,147.49,146.01,146.99,8900,146.99
2016-09-12,145.31,145.31,144.23,144.64,9800,144.64
2016-09-09,147.00,147.12,146.67,146.83,9800,146.83
2016-09-08,146.80,147.00,146.50,146.50,9400,146.50
2016-09-06,148.00,148.03,147.16,147.36,6300,147.36
2016-09-05,148.54,148.56,147.84,147.86,6700,147.86
2016-09-02,147.92,147.92,147.52,147.66,9700,147.66
2016-09-01,148.63,148.65,148.10,148.45,11100,148.45
2016-08-31,148.77,149.08,148.74,149.08,6800,149.08
2016-08-30,148.06,148.45,147.98,148.04,4100,148.04
2016-08-29,147.77,148.24,147.62,147.80,9300,147.80
2016-08-26,146.92,146.92,146.38,146.38,5500,146.38
2016-08-25,147.12,147.13,146.59,146.72,7900,146.72
2016-08-24,147.90,147.94,147.60,147.91,6100,147.91
2016-08-23,147.03,147.24,146.70,146.80,8900,146.80
2016-08-22,147.01,147.67,147.01,147.50,7300,147.50
2016-08-19,145.49,147.01,145.49,146.97,8500,146.97
2016-08-18,146.10,146.24,145.35,145.35,5700,145.35
2016-08-17,145.65,146.27,145.40,146.07,9000,146.07
2016-08-16,146.49,146.70,145.77,145.77,7400,145.77
2016-08-15,146.12,146.91,146.12,146.30,10300,146.30
2016-08-12,145.24,146.11,145.24,145.56,10100,145.56
2016-08-11,144.83,145.23,144.60,145.23,7200,145.23
2016-08-10,146.16,146.16,145.15,145.32,6800,145.32
2016-08-09,146.75,147.07,145.75,146.60,8200,146.60
2016-08-08,145.00,147.42,145.00,147.06,5500,147.06
2016-08-05,145.65,145.65,145.00,145.04,7100,145.04
2016-08-04,148.00,148.00,145.35,145.81,8800,145.81
2016-08-03,147.50,147.50,145.04,145.35,6100,145.35
2016-08-02,147.15,148.35,147.15,147.58,8100,147.58
2016-08-01,147.47,147.47,146.85,147.07,7100,147.07
2016-07-29,149.50,149.69,147.00,148.00,4600,148.00
2016-07-28,147.87,148.11,147.65,147.75,4300,147.75
2016-07-27,148.46,149.28,147.20,148.83,14200,148.83
2016-07-26,148.73,148.73,147.50,147.52,10300,147.52
2016-07-25,149.00,149.43,148.55,148.73,7800,148.73
2016-07-22,147.92,148.40,147.55,148.10,11200,148.10
2016-07-21,148.86,149.29,148.36,148.36,16000,148.36
2016-07-20,147.50,147.75,147.24,147.56,10500,147.56
2016-07-19,146.24,147.21,146.24,147.18,6600,147.18
2016-07-18,145.60,146.22,145.60,145.70,7700,145.70
2016-07-15,145.35,145.35,144.28,144.68,9000,144.68
2016-07-14,145.25,145.25,144.13,144.96,9700,144.96
2016-07-13,144.79,145.04,144.60,144.81,23700,144.81
2016-07-12,144.87,145.35,144.01,144.18,9100,144.18
2016-07-11,143.81,144.69,143.81,144.33,8900,144.33
2016-07-08,143.00,143.21,142.68,142.99,5700,142.99
2016-07-07,142.98,143.25,142.22,142.71,12200,142.71
2016-07-06,143.50,143.50,142.70,143.25,12600,143.25
2016-07-05,143.08,143.11,142.53,142.70,6600,142.70
2016-07-04,143.76,144.16,143.46,143.67,8100,143.67
2016-07-01,143.93,143.93,143.31,143.49,10500,143.49
2016-06-30,142.00,142.59,142.00,142.36,39500,142.36
2016-06-29,140.63,141.00,140.20,141.00,9100,140.38
2016-06-28,138.90,138.98,138.46,138.77,19300,138.16
2016-06-27,140.00,140.00,138.49,139.58,12700,138.96
2016-06-24,142.77,143.67,139.50,139.50,25900,138.88
2016-06-23,142.55,142.59,142.05,142.32,7900,141.69
2016-06-22,143.43,143.43,142.90,143.14,9300,142.51
2016-06-21,143.41,143.41,142.61,142.91,13900,142.28
2016-06-20,143.00,143.98,143.00,143.43,13700,142.80
2016-06-17,143.80,144.11,143.70,143.81,8600,143.17
2016-06-16,144.00,144.50,142.53,142.70,7800,142.07
2016-06-15,144.14,144.33,143.50,143.56,42700,142.92
2016-06-14,144.75,144.75,144.05,144.18,14600,143.54
2016-06-10,146.20,146.84,146.20,146.35,7900,145.70
2016-06-09,145.22,145.74,145.11,145.69,7300,145.05
2016-06-08,145.86,145.86,145.09,145.21,7700,144.57
2016-06-07,147.14,147.21,145.77,145.78,8100,145.13
2016-06-06,146.74,147.10,146.52,147.00,30700,146.35
2016-06-02,148.36,148.69,147.99,148.19,8100,147.53
2016-06-01,148.66,148.66,147.30,147.50,10300,146.85
2016-05-31,149.80,149.80,148.50,148.79,7800,148.13
2016-05-30,149.82,150.63,149.82,150.38,15900,149.71
2016-05-27,148.13,148.35,148.00,148.20,6500,147.54
2016-05-26,148.56,148.77,147.89,147.95,12800,147.30
2016-05-25,147.86,148.30,147.58,147.73,6900,147.08
2016-05-24,145.04,145.64,145.04,145.53,5300,144.89
2016-05-23,145.16,145.33,144.66,144.90,9600,144.26
2016-05-20,144.36,144.74,144.01,144.45,6700,143.81
2016-05-19,144.53,144.78,144.25,144.62,8100,143.98
2016-05-18,143.24,143.55,142.91,143.55,9100,142.91
2016-05-17,144.48,144.87,143.30,143.53,8600,142.89
2016-05-16,143.60,143.86,143.49,143.86,8300,143.22
2016-05-13,143.86,144.19,143.60,143.86,9900,143.22
2016-05-12,143.47,143.73,142.99,143.69,5900,143.05
2016-05-11,144.06,144.47,143.84,144.14,6600,143.50
2016-05-10,143.87,143.94,143.52,143.90,9900,143.26
2016-05-09,142.67,142.92,142.38,142.71,6400,142.08
2016-05-06,140.19,141.48,139.93,141.19,5900,140.57
2016-05-05,140.80,141.00,139.87,141.00,6000,140.38
2016-05-04,140.48,140.83,140.09,140.35,11200,139.73
2016-05-03,138.89,140.71,137.89,140.42,9400,139.80
2016-05-02,138.50,139.03,138.50,138.90,8000,138.29
2016-04-29,139.72,139.72,138.50,138.67,5200,138.06
2016-04-28,140.97,141.47,139.80,139.90,25200,139.28
2016-04-27,138.14,140.00,137.42,140.00,20600,139.38
2016-04-26,137.80,138.50,137.80,138.23,8700,137.62
2016-04-22,137.76,137.84,137.15,137.65,6000,137.04
2016-04-21,137.50,137.80,137.29,137.61,8800,137.00
2016-04-20,137.45,137.45,137.00,137.26,11400,136.65
2016-04-19,137.72,137.79,137.14,137.14,11100,136.53
2016-04-15,138.48,138.48,137.60,137.61,5700,137.00
2016-04-14,138.51,139.00,138.33,138.80,6200,138.19
2016-04-13,136.51,137.28,136.48,137.28,5200,136.67
2016-04-12,136.92,136.92,136.09,136.51,6300,135.91
2016-04-11,138.21,138.21,137.42,137.71,6000,137.10
2016-04-08,137.93,138.45,137.92,138.45,11600,137.84
2016-04-07,138.48,138.62,138.00,138.00,6100,137.39
2016-04-06,138.19,138.42,137.99,138.19,6700,137.58
2016-04-05,138.20,138.40,137.59,137.83,10700,137.22
2016-04-04,137.27,138.33,137.27,138.11,6000,137.50
2016-04-01,136.98,137.17,136.26,136.75,7700,136.14
2016-03-31,137.15,137.15,136.71,136.96,10500,136.35
2016-03-30,137.49,137.49,136.89,137.36,7100,136.75
2016-03-29,137.50,137.52,136.80,137.04,7200,136.43
2016-03-24,137.59,137.97,137.12,137.73,5500,137.12
2016-03-23,137.24,137.24,136.22,136.76,10000,136.15
2016-03-22,137.63,137.81,137.10,137.32,6700,136.71
2016-03-21,137.00,137.07,136.62,136.72,7700,136.11
2016-03-18,135.80,135.89,135.00,135.70,6900,135.10
2016-03-17,136.82,136.82,135.60,135.70,9000,135.10
2016-03-16,137.35,137.57,136.99,137.16,8100,136.55
2016-03-15,137.06,137.69,137.06,137.25,9600,136.12
2016-03-14,136.53,136.53,135.60,135.60,6600,134.48
2016-03-11,136.40,136.53,135.34,136.36,16600,135.23
2016-03-10,136.18,136.26,135.80,136.09,12900,134.96
2016-03-09,136.67,136.67,136.04,136.41,8200,135.28
2016-03-08,137.06,137.22,136.85,137.06,12100,135.93
2016-03-07,137.58,137.58,137.13,137.42,9900,136.28
2016-03-04,138.54,138.54,138.05,138.19,14700,137.05
2016-03-03,138.80,138.80,138.23,138.63,7200,137.48
2016-03-02,140.08,140.50,139.32,139.71,8800,138.56
2016-03-01,137.57,138.20,137.45,137.81,12900,136.67
2016-02-29,138.72,139.49,138.56,138.56,6400,137.41
2016-02-26,137.20,137.37,136.91,137.07,9400,135.94
2016-02-25,136.72,137.45,136.60,137.12,7800,135.99
2016-02-24,135.58,135.62,135.14,135.32,7100,134.20
2016-02-23,136.15,136.17,135.54,135.68,7300,134.56
2016-02-22,136.29,136.60,135.70,136.60,5800,135.47
2016-02-19,136.44,137.09,136.01,136.82,6000,135.69
2016-02-18,136.24,137.19,136.22,136.91,16400,135.78
2016-02-17,134.91,135.50,134.57,134.88,9600,133.76
2016-02-16,134.30,134.42,133.54,134.19,6000,133.08
2016-02-15,132.99,133.52,132.81,132.95,13300,131.85
2016-02-12,130.30,130.96,130.08,130.94,11000,129.86
2016-02-11,131.81,131.81,130.38,131.39,14700,130.30
2016-02-10,132.54,133.45,132.31,132.31,9600,131.22
2016-02-09,132.92,133.00,132.31,132.55,16100,131.45
2016-02-08,134.76,135.05,134.28,135.02,9300,133.90
2016-02-05,134.92,135.26,134.45,134.97,16600,133.85
2016-02-04,135.79,136.20,135.27,135.98,17900,134.86
2016-02-03,137.58,137.58,136.82,137.25,6700,136.12
2016-02-02,138.37,138.37,137.53,138.01,11800,136.87
2016-02-01,138.81,139.37,138.57,138.62,9400,137.47
2016-01-29,135.23,136.45,134.80,135.69,11000,134.57
2016-01-28,136.37,136.44,135.67,135.88,13800,134.76
2016-01-27,137.43,137.45,136.50,136.70,17300,135.57
2016-01-25,138.03,138.45,137.90,138.01,10400,136.87
2016-01-22,135.47,136.03,135.00,136.03,18500,134.91
2016-01-21,136.63,137.84,136.60,137.00,21100,135.87
2016-01-20,138.18,138.49,136.61,136.70,14200,135.57
2016-01-19,138.72,140.46,138.72,140.22,13300,139.06
2016-01-18,138.99,139.35,138.39,138.71,15500,137.56
2016-01-15,139.91,140.02,139.19,139.25,11300,138.10
2016-01-14,138.55,138.86,138.00,138.60,14300,137.45
2016-01-13,140.67,141.25,140.62,141.00,8300,139.83
2016-01-12,141.05,141.05,139.57,139.88,10500,138.72
2016-01-11,141.23,141.23,139.65,140.25,10500,139.09
2016-01-08,141.61,141.96,141.00,141.50,20200,140.33
2016-01-07,144.07,144.35,142.80,142.82,13500,141.64
2016-01-06,143.85,144.28,143.25,143.57,5600,142.38
2016-01-05,143.50,143.94,143.15,143.27,6300,142.09
2016-01-04,143.22,144.76,143.10,143.50,7500,142.31
2015-12-30,145.59,145.93,145.50,145.60,5500,144.40
2015-12-29,145.00,145.27,144.58,144.92,3100,143.72
2015-12-24,145.36,145.84,144.93,145.00,5300,143.80
2015-12-23,144.39,144.61,143.83,144.15,10800,142.96
2015-12-22,144.31,145.46,143.26,143.32,14000,142.14
2015-12-21,143.89,144.21,143.50,144.07,23900,142.04
2015-12-18,146.71,146.71,145.60,145.60,16800,143.55
2015-12-17,146.99,147.90,146.99,147.59,9500,145.51
2015-12-16,145.42,146.10,145.42,145.97,18500,143.91
2015-12-15,143.39,143.46,142.40,143.00,19100,140.99
2015-12-14,144.36,144.36,143.58,143.89,15300,141.86
2015-12-11,144.89,145.52,144.80,145.49,10200,143.44
2015-12-10,145.69,145.69,143.50,144.52,17600,142.48
2015-12-09,146.83,147.02,146.60,146.89,5600,144.82
2015-12-08,147.46,147.49,146.66,147.02,6800,144.95
2015-12-07,146.47,146.73,146.17,146.41,10900,144.35
2015-12-04,144.80,144.85,144.20,144.59,11100,142.55
2015-12-03,147.35,147.65,146.77,146.95,11400,144.88
2015-12-02,148.34,148.46,147.45,148.14,44000,146.05
2015-12-01,149.10,149.25,148.16,148.56,5500,146.47
2015-11-30,149.76,150.25,149.53,149.53,5100,147.42
2015-11-27,148.90,150.02,148.90,149.26,5600,147.16
2015-11-26,148.26,149.23,148.26,148.74,6700,146.65
2015-11-25,148.02,148.15,147.55,147.87,9300,145.79
2015-11-24,149.16,149.33,148.75,149.02,8000,146.92
2015-11-23,148.87,150.00,148.62,149.81,5700,147.70
2015-11-20,149.29,149.29,148.18,148.62,11600,146.53
2015-11-19,150.27,150.70,149.23,149.58,13100,147.47
2015-11-18,148.53,148.69,148.07,148.59,8900,146.50
2015-11-17,148.77,149.00,148.25,148.86,16800,146.76
2015-11-16,145.30,145.80,144.89,145.41,7300,143.36
2015-11-13,147.70,147.88,147.14,147.18,7400,145.11
2015-11-12,150.91,150.97,149.16,149.54,10900,147.43
2015-11-11,152.90,152.90,151.40,151.55,6700,149.42
2015-11-10,152.00,152.00,151.48,151.83,15700,149.69
2015-11-09,153.00,153.68,153.00,153.00,15000,150.85
2015-11-06,151.28,151.28,150.60,150.89,12600,148.76
2015-11-05,151.42,151.42,150.77,151.10,7600,148.97
2015-11-04,150.96,150.96,150.29,150.35,5600,148.23
2015-11-03,150.67,150.95,149.80,149.80,6700,147.69
2015-11-02,151.00,151.00,148.70,148.77,17700,146.67
2015-10-30,151.00,151.65,150.77,151.65,7000,149.51
2015-10-29,150.85,150.95,150.25,150.58,15100,148.46
2015-10-28,147.16,149.05,147.16,148.92,21300,146.82
2015-10-27,146.72,146.97,146.05,146.34,14300,144.28
2015-10-26,146.95,147.40,145.98,146.22,4700,144.16
2015-10-23,146.64,147.39,145.70,145.78,13400,143.73
2015-10-22,143.99,144.43,143.60,144.18,9800,142.15
2015-10-21,143.85,144.22,143.50,143.98,6100,141.95
2015-10-20,144.17,144.45,143.80,143.85,5900,141.82
2015-10-19,143.78,144.23,143.21,143.50,14100,141.48
2015-10-16,142.79,143.18,142.16,143.14,13300,141.12
2015-10-15,140.94,140.98,140.00,140.93,11500,138.95
2015-10-14,143.01,143.01,142.25,142.61,7900,140.60
2015-10-13,141.58,142.44,141.12,141.99,8100,139.99
2015-10-12,142.02,142.03,141.29,141.48,7600,139.49
2015-10-09,143.25,143.25,142.46,142.58,8900,140.57
2015-10-08,142.99,142.99,142.28,142.37,21200,140.36
2015-10-07,142.09,142.09,141.29,141.93,14300,139.93
2015-10-06,143.88,144.46,142.83,142.84,15800,140.83
2015-10-05,141.97,142.70,141.58,142.15,3800,140.15
2015-10-02,141.00,141.48,140.59,140.90,11200,138.92
2015-10-01,140.28,141.42,140.05,141.20,4800,139.21
2015-09-30,138.85,139.91,138.50,139.47,8000,137.51
2015-09-29,139.84,139.84,139.10,139.12,13800,137.16
2015-09-28,141.42,141.97,140.95,141.84,12000,139.84
2015-09-25,143.75,143.75,143.10,143.64,10000,140.92
2015-09-24,143.95,144.25,143.29,143.51,12100,140.79
2015-09-23,142.45,142.64,142.10,142.46,9400,139.76
2015-09-22,143.93,144.07,143.38,143.59,8400,140.87
2015-09-21,142.13,142.26,141.32,141.92,16000,139.23
2015-09-18,144.04,144.14,143.41,143.41,8000,140.69
2015-09-17,144.31,144.81,143.90,144.30,13500,141.57
2015-09-16,144.15,144.26,143.50,143.86,7000,141.14
2015-09-15,142.32,143.18,141.87,143.01,8700,140.30
2015-09-14,144.73,144.73,143.55,144.20,5900,141.47
2015-09-11,143.99,144.06,143.49,143.80,7400,141.08
2015-09-10,145.13,145.13,144.04,144.55,11100,141.81
2015-09-09,145.76,146.38,145.11,146.38,10100,143.61
2015-09-08,145.77,145.89,144.36,144.64,10700,141.90
2015-09-07,144.25,145.70,144.15,145.67,13800,142.91
2015-09-04,144.40,144.49,143.50,143.99,7700,141.26
2015-09-03,143.85,144.50,143.60,144.48,26400,141.74
2015-09-02,142.12,143.50,142.12,142.85,23100,140.15
2015-09-01,143.16,143.16,141.00,141.35,13100,138.67
2015-08-31,143.51,143.51,142.51,143.16,31400,140.45
2015-08-28,144.99,144.99,142.85,143.48,15700,140.76
2015-08-27,141.25,141.90,141.10,141.33,20100,138.65
2015-08-26,136.15,138.66,135.49,138.66,28800,136.03
2015-08-25,137.00,139.00,136.50,137.08,58500,134.48
2015-08-24,140.65,140.67,137.50,138.24,57100,135.62
2015-08-21,143.73,143.83,142.57,142.96,29400,140.25
2015-08-20,146.72,146.72,145.92,146.45,11100,143.68
2015-08-19,148.01,148.31,147.47,147.47,12200,144.68
2015-08-18,148.00,148.20,147.65,147.96,25000,145.16
2015-08-17,147.43,147.80,146.60,146.75,9300,143.97
2015-08-14,146.50,146.50,146.10,146.10,11200,143.33
2015-08-13,146.65,146.90,145.90,146.75,19800,143.97
2015-08-12,148.00,148.72,146.60,147.60,13700,144.81
2015-08-11,146.72,148.26,146.40,148.17,15200,145.36
2015-08-10,145.88,145.90,145.30,145.76,12600,143.00
2015-08-07,147.27,147.27,146.26,146.44,14300,143.67
2015-08-06,147.67,148.24,147.00,148.06,13800,145.26
2015-08-05,147.10,147.35,146.58,147.26,26100,144.47
2015-08-04,149.18,149.18,147.10,147.10,20000,144.32
2015-08-03,149.88,149.88,148.78,149.18,14200,146.36
2015-07-31,149.45,149.66,149.18,149.49,15200,146.66
2015-07-30,149.43,149.50,148.49,148.98,13600,146.16
2015-07-29,147.79,147.79,147.19,147.62,7000,144.83
2015-07-28,147.76,147.76,146.84,147.12,15100,144.33
2015-07-27,148.69,148.69,147.81,148.00,13900,145.20
2015-07-24,148.74,149.55,148.21,149.13,18500,146.31
2015-07-23,149.02,149.02,148.43,148.74,12700,145.92
2015-07-22,149.53,149.53,147.20,147.39,27100,144.60
2015-07-21,149.56,150.08,149.00,149.83,16100,146.99
2015-07-20,149.20,150.01,149.10,149.35,26300,146.52
2015-07-17,148.69,148.69,148.20,148.30,8500,145.49
2015-07-16,148.54,149.30,148.33,149.13,21200,146.31
2015-07-15,147.07,147.15,146.33,147.09,20600,144.31
2015-07-14,147.36,147.72,146.64,146.74,19300,143.96
2015-07-13,144.25,144.70,143.81,144.25,17400,141.52
2015-07-10,143.87,144.05,142.95,143.44,6100,140.72
2015-07-09,143.88,143.90,142.60,142.65,18900,139.95
2015-07-08,144.95,145.17,144.38,144.80,13500,142.06
2015-07-07,143.77,144.35,143.77,144.25,93300,141.52
2015-07-06,141.94,142.69,141.00,142.27,12300,139.58
2015-07-03,141.36,142.25,140.68,142.07,13100,139.38
2015-07-02,140.89,141.15,140.74,140.98,12100,138.31
2015-07-01,139.52,139.68,138.78,139.41,18500,136.77
2015-06-30,139.91,139.91,139.20,139.49,18300,136.85
2015-06-29,141.34,141.38,140.25,140.55,17800,137.89
2015-06-26,142.15,142.23,141.58,142.00,12900,138.71
2015-06-25,142.82,142.82,142.14,142.32,5900,139.02
2015-06-24,143.50,143.56,142.84,143.28,6200,139.96
2015-06-23,143.12,143.98,142.98,143.80,10500,140.47
2015-06-22,141.80,142.20,141.54,141.56,7900,138.28
2015-06-19,142.00,142.37,141.36,142.20,14900,138.90
2015-06-18,141.95,141.95,140.85,140.85,9600,137.59
2015-06-17,141.14,141.75,141.03,141.69,11800,138.41
2015-06-16,140.36,140.36,139.50,139.92,13100,136.68
2015-06-15,141.08,141.15,140.50,141.05,13200,137.78
2015-06-12,141.55,141.83,141.28,141.74,9200,138.46
2015-06-11,141.62,141.95,140.71,141.10,14100,137.83
2015-06-10,140.35,142.04,139.82,140.03,13700,136.79
2015-06-09,141.47,141.47,140.55,140.55,22800,137.29
2015-06-05,142.64,142.64,141.60,141.83,13300,138.54
2015-06-04,141.60,142.67,141.30,142.03,8400,138.74
2015-06-03,141.64,141.64,140.08,140.52,12900,137.26
2015-06-02,143.90,144.10,142.40,142.40,8500,139.10
2015-06-01,143.49,143.49,143.10,143.30,11000,139.98
2015-05-29,143.69,144.23,143.53,143.81,11800,140.48
2015-05-28,142.27,143.51,142.04,142.88,11900,139.57
2015-05-27,141.00,141.64,140.70,140.85,10900,137.59
2015-05-26,141.40,141.40,140.47,140.67,12200,137.41
2015-05-25,141.14,141.38,140.94,141.23,11000,137.96
2015-05-22,139.79,140.00,139.58,139.58,9100,136.35
2015-05-21,140.00,140.00,139.05,139.14,10000,135.92
2015-05-20,139.07,139.51,138.94,139.51,8900,136.28
2015-05-19,138.68,139.48,137.92,137.92,10200,134.72
2015-05-18,137.00,137.39,136.82,136.99,9700,133.82
2015-05-15,135.70,136.66,135.70,136.66,9900,133.49
2015-05-14,136.65,136.65,133.35,133.96,22000,130.86
2015-05-13,136.86,136.86,135.91,136.65,12600,133.48
2015-05-12,138.29,138.29,137.18,137.27,6500,134.09
2015-05-11,138.54,138.73,137.84,138.70,12600,135.49
2015-05-08,136.75,137.65,136.75,137.06,4400,133.88
2015-05-07,135.80,135.80,134.63,134.80,27400,131.68
2015-05-06,136.93,136.93,135.90,136.00,23700,132.85
2015-05-05,139.34,139.99,138.03,138.20,27200,135.00
2015-05-04,138.83,141.50,138.83,138.90,14900,135.68
2015-05-01,137.34,137.34,136.90,136.91,9300,133.74
2015-04-30,137.02,137.02,135.94,136.56,16100,133.40
2015-04-29,137.61,137.61,136.91,137.02,18500,133.84
2015-04-28,139.62,139.62,138.67,138.84,17300,135.62
2015-04-27,140.21,140.80,140.21,140.44,9600,137.19
2015-04-24,141.02,141.65,140.72,140.79,17600,137.53
2015-04-23,141.40,141.69,140.70,140.98,6800,137.71
2015-04-22,141.93,141.93,140.35,140.51,7800,137.25
2015-04-21,140.95,142.22,140.95,142.22,11700,138.92
2015-04-20,140.00,140.00,138.55,138.99,16900,135.77
2015-04-17,141.15,141.15,140.33,140.44,13300,137.19
2015-04-16,143.10,143.10,141.00,141.50,9900,138.22
2015-04-15,143.56,143.65,142.91,143.21,28900,139.89
2015-04-14,143.90,143.90,142.79,143.39,16000,140.07
2015-04-10,141.00,141.53,140.65,141.40,10900,138.12
2015-04-09,141.48,141.49,140.50,140.83,9700,137.57
2015-04-08,140.87,141.41,140.34,140.90,11100,137.63
2015-04-07,142.04,143.00,140.40,140.87,13100,137.61
2015-04-02,140.70,141.45,139.65,141.14,13600,137.87
2015-04-01,141.38,141.54,139.00,139.94,12100,136.70
2015-03-31,140.95,141.71,140.95,141.58,8700,138.30
2015-03-30,137.86,139.04,137.86,139.00,18100,135.78
2015-03-27,136.93,137.39,136.40,137.00,11500,133.83
2015-03-26,137.00,137.29,136.51,136.97,23300,133.80
2015-03-25,139.08,139.17,138.18,138.53,12100,134.68
2015-03-24,139.52,140.00,139.00,139.39,18200,135.52
2015-03-23,141.71,141.86,140.60,140.60,53800,136.69
2015-03-20,141.92,142.45,141.82,142.02,10400,138.07
2015-03-19,141.50,141.76,140.27,141.74,15200,137.80
2015-03-18,141.63,142.00,141.52,141.67,10600,137.73
2015-03-17,140.92,141.67,140.92,141.45,35000,137.52
2015-03-16,140.33,140.33,139.24,139.69,11200,135.81
2015-03-13,140.10,140.21,139.50,140.21,12800,136.31
2015-03-12,140.17,140.41,139.40,140.06,14800,136.17
2015-03-11,139.84,140.73,139.19,140.20,17400,136.30
2015-03-10,141.00,141.04,140.26,140.79,33200,136.88
2015-03-09,139.80,139.80,139.20,139.63,22100,135.75
2015-03-06,140.50,140.51,139.53,139.71,12400,135.83
2015-03-05,139.66,139.66,138.90,139.32,10800,135.45
2015-03-04,140.24,140.24,139.32,139.82,7400,135.93
2015-03-03,140.70,141.85,139.95,140.39,19300,136.49
2015-03-02,140.00,140.83,140.00,140.64,15100,136.73
2015-02-27,140.24,140.73,139.86,140.35,10800,136.45
2015-02-26,139.28,139.88,138.90,139.48,8500,135.60
2015-02-25,140.72,140.72,138.90,139.12,21600,135.25
2015-02-24,139.51,140.96,139.51,140.60,13100,136.69
2015-02-23,139.84,139.84,139.21,139.52,8100,135.64
2015-02-20,139.38,139.93,139.12,139.55,6100,135.67
2015-02-19,139.57,139.57,138.50,139.42,11800,135.54
2015-02-18,139.10,139.44,138.59,138.93,14700,135.07
2015-02-17,139.85,139.98,138.15,138.40,15900,134.55
2015-02-16,139.51,140.20,138.97,139.17,16400,135.30
2015-02-13,139.75,139.76,138.82,138.82,13900,134.96
2015-02-12,139.41,140.16,138.60,139.73,8100,135.85
2015-02-11,137.48,137.99,137.24,137.50,9100,133.68
2015-02-10,136.00,136.40,135.25,135.25,11400,131.49
2015-02-09,136.67,137.11,136.28,136.65,18500,132.85
2015-02-06,137.07,137.07,135.85,136.17,9200,132.38
2015-02-05,136.00,136.00,134.61,135.23,18400,131.47
2015-02-04,136.61,136.61,135.08,135.24,20000,131.48
2015-02-03,134.37,136.19,133.23,135.94,13900,132.16
2015-02-02,133.62,133.62,132.50,133.00,15000,129.30
2015-01-30,134.43,134.90,133.94,134.17,23700,130.44
2015-01-29,131.83,131.83,130.96,131.66,17100,128.00
2015-01-28,133.83,133.86,132.05,132.98,22800,129.28
2015-01-27,134.03,134.79,133.66,133.99,18100,130.27
2015-01-23,132.37,133.00,131.86,133.00,19700,129.30
2015-01-22,129.05,130.20,129.05,129.95,15000,126.34
2015-01-21,128.10,128.10,126.82,127.13,16500,123.60
2015-01-16,125.54,125.54,123.80,124.21,21800,120.76
2015-01-15,128.00,128.03,126.46,126.81,28300,123.28
2015-01-14,128.24,128.53,126.97,128.45,12900,124.88
2015-01-13,128.84,129.07,127.65,128.04,14000,124.48
2015-01-12,128.38,128.53,127.30,127.65,17000,124.10
2015-01-09,131.15,131.15,130.17,130.25,11500,126.63
2015-01-08,129.76,130.17,129.00,129.63,10600,126.03
2015-01-07,128.00,128.28,127.62,128.14,13100,124.58
2015-01-06,129.65,129.68,128.05,128.05,15900,124.49
2015-01-05,131.07,131.20,130.15,131.15,8600,127.50
2015-01-02,130.49,131.16,130.28,131.07,6400,127.43
2014-12-30,132.98,132.98,132.35,132.59,11900,128.90
2014-12-29,133.00,133.00,132.11,132.11,8100,128.44
2014-12-24,132.41,132.43,131.90,132.18,5900,128.51
2014-12-23,131.81,132.23,131.35,131.75,16100,128.09
2014-12-22,132.50,132.50,130.92,131.11,24500,126.80
2014-12-19,130.32,134.78,130.23,130.48,31300,126.19
2014-12-18,127.88,128.59,127.65,127.86,24800,123.65
2014-12-17,124.00,125.30,124.00,125.09,20700,120.97
2014-12-16,125.71,125.71,124.94,125.30,23300,121.18
2014-12-15,125.75,126.11,125.00,125.72,19600,121.58
2014-12-12,126.52,127.29,126.20,126.43,23200,122.27
2014-12-11,126.25,126.25,125.12,126.00,14200,121.85
2014-12-10,128.58,128.58,127.36,127.36,14600,123.17
2014-12-09,128.45,129.18,128.20,128.69,17100,124.46
2014-12-08,129.41,129.41,128.71,129.13,15800,124.88
2014-12-05,127.75,127.75,127.21,127.70,13300,123.50
2014-12-04,127.24,127.73,126.86,127.13,20300,122.95
2014-12-03,126.25,127.09,125.95,126.60,19900,122.43
2014-12-02,124.84,125.00,124.12,124.43,12100,120.34
2014-12-01,126.19,126.19,125.58,125.65,53900,121.52
2014-11-28,125.26,126.18,125.20,126.14,14600,121.99
2014-11-27,125.36,125.81,124.50,124.55,16900,120.45
2014-11-26,125.08,125.57,124.92,125.36,22600,121.24
2014-11-25,124.35,124.53,123.89,124.12,12600,120.04
2014-11-24,123.14,123.14,122.23,122.51,12000,118.48
2014-11-21,123.34,123.34,122.37,122.75,14500,118.71
2014-11-20,122.75,123.06,122.37,122.65,30000,118.61
2014-11-17,120.62,120.62,119.13,119.32,19000,115.39
2014-11-13,121.18,121.19,120.62,121.13,12300,117.14
2014-11-12,121.52,121.52,120.83,121.20,14100,117.21
2014-11-11,122.01,122.23,121.52,122.23,12500,118.21
2014-11-10,121.55,121.55,120.75,120.80,12800,116.83
2014-11-07,122.22,122.84,122.22,122.80,13100,118.76
2014-11-06,121.87,121.95,120.90,120.91,13100,116.93
2014-11-05,118.85,119.06,118.40,119.00,8900,115.08
2014-11-04,119.50,119.94,119.00,119.04,10400,115.12
2014-11-03,119.15,119.42,118.85,119.00,17100,115.08
2014-10-31,117.00,117.30,116.50,117.30,12400,113.44
2014-10-30,116.02,116.40,116.00,116.39,14200,112.56
2014-10-29,115.50,115.71,115.22,115.30,9600,111.51
2014-10-28,115.26,115.26,114.43,114.90,4300,111.12
2014-10-27,115.45,115.45,114.71,114.89,6500,111.11
2014-10-24,114.50,115.07,114.20,114.35,16500,110.59
2014-10-23,114.04,114.04,113.40,113.40,11600,109.67
2014-10-22,114.05,114.58,113.80,114.00,14500,110.25
2014-10-21,112.42,112.42,110.90,110.99,14000,107.34
2014-10-20,112.00,112.12,111.35,111.67,9700,108.00
2014-10-17,109.73,110.13,109.49,109.81,20200,106.20
2014-10-16,108.70,109.30,108.23,109.01,16900,105.42
2014-10-15,111.00,111.74,110.65,110.65,15200,107.01
2014-10-14,110.21,110.43,109.47,109.63,22000,106.02
2014-10-13,112.31,112.31,110.80,110.94,10500,107.29
2014-10-10,113.03,113.36,112.56,112.74,13300,109.03
2014-10-09,114.41,114.73,113.86,113.90,17400,110.15
2014-10-08,113.33,114.00,112.75,113.61,12300,109.87
2014-10-07,115.44,115.57,114.95,114.96,16600,111.18
2014-10-06,117.22,117.26,116.45,116.68,8000,112.84
2014-10-03,113.65,114.39,113.65,114.30,8300,110.54
2014-10-02,114.97,114.97,113.56,113.69,22700,109.95
2014-10-01,116.15,116.87,115.80,116.60,15100,112.76
2014-09-30,117.25,117.30,116.00,116.32,10200,112.49
2014-09-29,116.90,117.13,116.37,117.13,15800,113.28
2014-09-26,115.60,115.84,115.10,115.81,13100,112.00
2014-09-25,116.27,116.47,115.90,116.27,7500,112.44
2014-09-24,115.52,116.06,115.52,115.72,10800,111.40
2014-09-23,115.90,116.35,115.51,115.51,13200,111.19
2014-09-22,116.78,116.78,115.70,116.01,33400,111.68
2014-09-19,116.50,117.22,116.25,117.05,17700,112.68
2014-09-18,115.61,116.12,115.61,116.11,9800,111.77
2014-09-17,114.51,114.51,114.00,114.34,17100,110.07
2014-09-16,114.30,114.30,113.60,114.07,15700,109.81
2014-09-15,114.40,114.48,113.87,114.24,19200,109.97
2014-09-12,114.46,114.64,114.12,114.63,12400,110.35
2014-09-11,113.01,113.40,112.45,112.60,17900,108.39
2014-09-10,112.65,112.70,112.02,112.63,7900,108.42
2014-09-09,111.85,112.24,111.84,112.00,9400,107.81
2014-09-08,111.04,111.20,110.99,111.16,6600,107.01
2014-09-04,111.63,111.63,111.00,111.22,6700,107.06
2014-09-03,112.00,112.39,111.82,112.11,13300,107.92
2014-09-02,111.39,112.15,111.19,112.02,9900,107.83
2014-09-01,111.74,111.74,111.24,111.37,6300,107.21
2014-08-29,111.00,111.41,110.80,111.05,5000,106.90
2014-08-28,111.35,111.38,110.78,110.90,9300,106.76
2014-08-27,111.48,111.57,111.30,111.30,42900,107.14
2014-08-26,111.90,112.03,111.25,111.39,9000,107.23
2014-08-25,111.32,111.32,110.85,111.14,11600,106.99
2014-08-22,111.32,111.32,110.65,110.76,10200,106.62
2014-08-21,110.77,111.48,110.77,111.32,12800,107.16
2014-08-20,110.23,110.70,110.06,110.59,8400,106.46
2014-08-19,109.50,109.90,109.40,109.61,16100,105.51
2014-08-18,109.04,109.45,108.95,109.04,9600,104.97
2014-08-15,108.66,109.00,108.47,108.48,11800,104.43
2014-08-14,108.32,108.83,108.32,108.62,5900,104.56
2014-08-13,108.55,108.55,107.90,107.97,9300,103.94
2014-08-12,108.26,108.70,108.26,108.56,8900,104.50
2014-08-11,108.00,108.08,107.56,107.82,8600,103.79
2014-08-08,107.18,107.18,106.13,106.33,5800,102.36
2014-08-07,106.70,107.46,106.30,107.41,12300,103.40
2014-08-06,107.00,107.19,106.60,106.72,7400,102.73
2014-08-05,107.67,107.67,107.00,107.00,11100,103.00
2014-08-04,107.45,107.45,106.86,107.21,12600,103.20
2014-07-31,109.04,109.57,109.04,109.25,7500,105.17
2014-07-30,108.88,108.92,108.50,108.74,33100,104.68
2014-07-29,108.99,108.99,108.50,108.60,11700,104.54
2014-07-28,109.04,109.04,108.53,108.66,10300,104.60
2014-07-25,109.32,109.50,108.74,109.04,7200,104.97
2014-07-24,109.10,109.10,108.32,108.58,4000,104.52
2014-07-23,109.15,109.32,108.32,108.32,8600,104.27
2014-07-22,109.00,109.13,108.60,108.66,6500,104.60
2014-07-21,109.10,109.10,108.57,108.78,7000,104.72
2014-07-18,108.56,108.56,107.90,107.98,11100,103.95
2014-07-17,109.42,109.42,108.80,108.83,9200,104.76
2014-07-16,109.43,109.50,109.00,109.50,19300,105.41
2014-07-15,108.81,109.07,108.81,108.91,7800,104.84
2014-07-14,108.50,108.84,108.33,108.61,5600,104.55
2014-07-11,108.83,108.84,108.18,108.34,9300,104.29
2014-07-10,108.83,108.91,108.40,108.63,7200,104.57
2014-07-09,108.71,108.86,108.27,108.83,15600,104.76
2014-07-08,109.81,109.81,108.95,109.15,8800,105.07
2014-07-07,110.00,110.57,109.87,109.94,5500,105.83
2014-07-04,110.52,110.52,109.82,109.93,9000,105.82
2014-07-03,108.90,109.25,108.45,109.24,9000,105.16
2014-07-02,108.37,108.55,108.02,108.49,6400,104.44
2014-07-01,108.55,108.58,107.78,107.87,5400,103.84
2014-06-30,108.19,108.35,107.78,107.82,34500,103.79
2014-06-27,107.95,108.14,107.15,107.28,5400,103.27
2014-06-26,108.03,108.20,107.74,107.96,9400,103.93
2014-06-25,108.35,108.39,107.82,108.03,7400,103.99
2014-06-24,108.63,108.63,108.04,108.25,6400,103.78
2014-06-23,108.84,109.00,108.30,108.40,7000,103.92
2014-06-20,108.50,108.60,108.15,108.15,9100,103.68
2014-06-19,107.80,108.42,107.80,108.34,9200,103.86
2014-06-18,108.20,108.50,108.05,108.22,10300,103.75
2014-06-17,107.72,107.80,107.31,107.80,4100,103.34
2014-06-16,107.05,107.10,106.60,106.72,9600,102.31
2014-06-13,106.91,106.97,106.42,106.78,15500,102.37
2014-06-12,108.20,108.20,107.60,107.60,10700,103.15
2014-06-11,108.18,108.18,107.90,107.96,7300,103.50
2014-06-10,108.50,108.80,108.15,108.15,6000,103.68
2014-06-06,108.20,108.33,107.90,108.00,12100,103.54
2014-06-05,107.59,108.16,107.44,107.73,7800,103.28
2014-06-04,107.91,108.01,107.45,107.73,3400,103.28
2014-06-03,108.00,108.20,107.50,107.50,7700,103.06
2014-06-02,107.50,108.00,107.02,108.00,3600,103.54
2014-05-30,107.00,107.30,106.54,106.54,7700,102.14
2014-05-29,107.47,107.50,106.90,107.00,14200,102.58
2014-05-28,107.01,107.22,106.99,107.20,6900,102.77
2014-05-27,106.70,106.75,106.48,106.51,8400,102.11
2014-05-26,107.04,107.04,106.50,106.75,8000,102.34
2014-05-23,106.49,106.49,106.06,106.19,8400,101.80
2014-05-22,105.60,106.06,105.53,105.73,7100,101.36
2014-05-21,105.16,105.16,104.73,105.01,5400,100.67
2014-05-20,104.40,105.16,104.40,105.16,6400,100.81
2014-05-19,104.01,104.24,103.80,103.90,4400,99.61
2014-05-16,104.02,104.02,103.43,103.52,6600,99.24
2014-05-15,104.84,104.84,104.15,104.20,4700,99.89
2014-05-14,105.30,105.30,104.55,104.73,6700,100.40
2014-05-13,104.81,105.28,104.81,105.28,4900,100.93
2014-05-12,104.40,104.46,103.87,104.37,7300,100.06
2014-05-09,103.75,103.84,103.54,103.54,8500,99.26
2014-05-08,104.14,104.54,103.77,103.80,5000,99.51
2014-05-07,105.30,105.30,103.50,103.76,8700,99.47
2014-05-06,105.07,105.35,105.00,105.25,3000,100.90
2014-05-05,105.50,105.50,105.00,105.17,7600,100.82
2014-05-02,105.10,105.41,105.10,105.33,3900,100.98
2014-05-01,105.59,105.59,104.79,104.96,7300,100.62
2014-04-30,105.00,105.00,104.50,104.81,10700,100.48
2014-04-29,105.00,105.27,104.71,104.79,6100,100.46
2014-04-28,104.12,104.64,104.12,104.38,6300,100.07
2014-04-24,105.44,105.69,105.25,105.25,4500,100.90
2014-04-23,104.65,105.56,104.25,105.56,7500,101.20
2014-04-22,103.30,104.26,103.30,103.75,6900,99.46
2014-04-17,103.00,103.23,102.50,103.19,7100,98.92
2014-04-16,102.96,103.02,102.51,102.84,5300,98.59
2014-04-15,100.77,101.53,100.77,101.45,53300,97.26
2014-04-14,100.95,100.95,100.50,100.60,9000,96.44
2014-04-11,101.92,102.16,101.80,101.90,13100,97.69
2014-04-10,103.70,104.13,103.48,103.70,11100,99.41
2014-04-09,103.35,104.00,102.90,103.08,15800,98.82
2014-04-08,104.48,104.48,103.50,103.50,10200,99.22
2014-04-07,105.00,105.00,104.50,104.65,21900,100.32
2014-04-04,107.08,107.08,106.58,107.05,5500,102.63
2014-04-03,106.95,107.29,106.50,107.15,19500,102.72
2014-04-02,106.02,107.60,106.02,106.90,7400,102.48
2014-04-01,105.50,105.71,105.15,105.49,10800,101.13
2014-03-31,105.30,105.45,104.80,105.45,4600,101.09
2014-03-28,104.48,104.48,103.66,104.20,21300,99.89
2014-03-27,105.01,105.03,104.29,104.54,13200,100.22
2014-03-26,106.62,106.62,106.00,106.15,18400,101.76
2014-03-25,106.97,106.97,106.33,106.92,11300,102.10
2014-03-24,107.84,107.98,107.54,107.54,6300,102.69
2014-03-21,108.56,108.93,108.25,108.46,10700,103.57
2014-03-20,107.95,108.59,107.90,107.99,5600,103.12
2014-03-19,107.75,107.88,107.60,107.77,4400,102.91
2014-03-18,107.40,107.65,107.00,107.37,11300,102.52
2014-03-17,107.39,107.39,106.48,106.66,12600,101.85
2014-03-14,107.77,108.00,107.07,107.60,6700,102.74
2014-03-13,109.00,109.23,108.10,108.30,13800,103.41
2014-03-12,109.00,109.29,108.70,109.00,7400,104.08
2014-03-11,109.00,109.27,108.95,108.95,5200,104.03
2014-03-10,108.43,109.11,108.43,108.53,5000,103.63
2014-03-07,108.89,108.89,108.31,108.55,6700,103.65
2014-03-06,109.69,109.75,108.81,109.22,18300,104.29
2014-03-05,108.82,110.00,108.82,109.70,13200,104.75
2014-03-04,109.00,109.00,107.94,108.47,7100,103.58
2014-03-03,108.00,108.81,108.00,108.51,12600,103.61
2014-02-28,109.05,109.05,108.43,108.65,8400,103.75
2014-02-27,108.50,108.50,108.31,108.35,9400,103.46
2014-02-26,107.43,108.25,107.43,107.85,6900,102.98
2014-02-25,106.99,107.45,106.96,107.07,5700,102.24
2014-02-24,107.65,107.65,106.97,106.97,6800,102.14
2014-02-21,106.58,107.36,106.58,107.08,22100,102.25
2014-02-20,106.63,106.66,106.20,106.39,12000,101.59
2014-02-19,106.44,106.89,106.44,106.59,4400,101.78
2014-02-18,106.82,106.82,105.68,106.15,9600,101.36
2014-02-17,106.25,106.33,105.72,105.73,5700,100.96
2014-02-14,106.60,106.60,105.68,105.72,5800,100.95
2014-02-13,105.23,106.05,105.00,106.05,17900,101.26
2014-02-12,105.25,105.25,104.50,104.73,9000,100.00
2014-02-11,105.00,105.11,104.30,104.40,5700,99.69
2014-02-10,104.99,105.03,104.50,104.77,2000,100.04
2014-02-07,102.60,103.62,102.60,103.28,6200,98.62
2014-02-06,102.59,102.65,101.80,102.06,7800,97.45
2014-02-05,102.65,102.75,102.14,102.14,9700,97.53
2014-02-04,104.40,104.44,102.29,102.29,24400,97.67
2014-02-03,106.01,106.75,106.01,106.45,10700,101.65
2014-01-31,106.53,106.58,106.00,106.20,6800,101.41
2014-01-30,106.39,106.48,106.00,106.39,5200,101.59
2014-01-29,106.11,107.18,106.11,106.79,11200,101.97
2014-01-28,106.46,106.57,105.99,105.99,11400,101.21
2014-01-24,109.50,109.56,109.00,109.56,5900,104.62
2014-01-23,108.69,109.29,108.69,109.03,10500,104.11
2014-01-22,109.55,109.55,108.25,108.37,8800,103.48
2014-01-21,109.07,109.38,108.71,109.23,18500,104.30
2014-01-20,109.24,109.62,108.86,109.15,5500,104.22
2014-01-17,109.32,109.32,108.75,108.77,3800,103.86
2014-01-16,108.40,109.37,108.38,109.24,9200,104.31
2014-01-15,107.00,107.42,106.78,107.41,8000,102.56
2014-01-14,105.00,105.23,104.53,104.95,12300,100.21
2014-01-13,107.49,107.49,105.96,105.97,9000,101.19
2014-01-10,108.00,108.00,107.42,107.49,14600,102.64
2014-01-09,107.64,107.79,107.21,107.63,8000,102.77
2014-01-08,107.38,107.38,106.76,107.30,8000,102.46
2014-01-07,106.51,106.51,105.74,106.23,3400,101.44
2014-01-06,106.50,106.72,105.96,106.32,7800,101.52
2014-01-03,107.50,107.50,106.00,106.00,9300,101.22
2014-01-02,108.15,108.57,108.00,108.48,3300,103.58
2013-12-31,108.43,108.43,107.07,107.08,3400,102.25
2013-12-30,107.96,108.34,107.76,107.99,2000,103.12
2013-12-27,107.70,107.99,107.45,107.45,3600,102.60
2013-12-24,106.73,106.73,106.30,106.45,7300,101.65
2013-12-23,106.52,106.61,106.00,106.00,8000,101.22
2013-12-20,106.50,106.78,106.13,106.38,15200,101.06
2013-12-19,105.98,107.22,105.98,106.67,12900,101.33
2013-12-18,104.54,104.63,104.04,104.24,8300,99.02
2013-12-17,104.00,104.48,103.92,104.10,5500,98.89
2013-12-16,103.90,103.90,102.52,102.75,13600,97.61
2013-12-13,103.99,103.99,103.44,103.68,10400,98.49
2013-12-12,102.69,103.08,102.26,102.40,6200,97.28
2013-12-11,103.18,103.18,102.60,102.60,11000,97.47
2013-12-10,104.07,104.11,103.32,103.51,5900,98.33
2013-12-09,103.20,103.67,103.10,103.40,8200,98.23
2013-12-06,103.20,103.20,102.56,102.77,6100,97.63
2013-12-05,103.39,103.39,102.90,103.13,9800,97.97
2013-12-04,103.05,103.10,102.31,102.97,6700,97.82
2013-12-03,102.74,103.47,102.74,103.40,3000,98.23
2013-12-02,103.51,103.51,102.60,102.73,5200,97.59
2013-11-29,103.55,104.07,103.53,103.54,5700,98.36
2013-11-28,103.55,103.94,103.00,103.20,4600,98.04
2013-11-27,103.80,103.80,102.74,103.20,7100,98.04
2013-11-26,103.10,103.10,101.97,102.19,5200,97.08
2013-11-25,102.10,102.92,102.09,102.92,10500,97.77
2013-11-22,100.34,101.85,100.34,101.75,5700,96.66
2013-11-21,98.43,100.00,98.43,99.99,6200,94.99
2013-11-20,99.31,99.31,98.40,98.61,3200,93.68
2013-11-19,100.00,100.00,99.15,99.19,5100,94.23
2013-11-18,100.00,100.18,99.25,99.40,5100,94.43
2013-11-15,99.76,100.03,99.54,100.00,10400,95.00
2013-11-14,99.20,99.50,99.15,99.50,2100,94.52
2013-11-13,99.00,99.13,98.29,98.90,5900,93.95
2013-11-12,98.28,98.86,98.17,98.57,7900,93.64
2013-11-11,98.28,98.28,97.64,97.64,2300,92.75
2013-11-08,96.68,96.68,96.00,96.36,14600,91.54
2013-11-07,97.38,97.38,96.44,96.68,4600,91.84
2013-11-06,97.20,97.20,96.47,96.76,13200,91.92
2013-11-05,97.00,97.26,96.75,97.25,4000,92.38
2013-11-04,96.52,97.00,96.47,96.74,8400,91.90
2013-11-01,96.81,97.20,96.47,96.47,9300,91.64
2013-10-31,97.20,97.20,96.18,96.40,10800,91.58
2013-10-30,97.63,97.66,97.25,97.31,3500,92.44
2013-10-29,95.70,96.54,95.70,96.53,9400,91.70
2013-10-28,95.00,96.02,95.00,95.66,6900,90.87
2013-10-25,95.48,95.50,94.94,95.00,20400,90.25
2013-10-24,94.65,94.96,94.47,94.63,5300,89.90
2013-10-23,94.30,94.72,93.75,94.63,8500,89.90
2013-10-22,94.50,94.50,94.10,94.43,9900,89.71
2013-10-21,94.25,94.58,94.00,94.00,4900,89.30
2013-10-18,94.50,94.53,93.90,94.25,9000,89.53
2013-10-17,93.70,94.15,93.64,94.10,12400,89.39
2013-10-16,93.41,93.81,93.20,93.33,5200,88.66
2013-10-15,94.01,94.27,93.40,93.41,9300,88.74
2013-10-14,93.20,93.40,92.96,93.16,10800,88.50
2013-10-11,92.60,93.31,92.60,93.10,24700,88.44
2013-10-10,91.68,91.95,91.24,91.95,7400,87.35
2013-10-09,92.30,92.30,91.57,91.68,9400,87.09
2013-10-08,92.60,92.80,92.20,92.50,8500,87.87
2013-10-07,92.60,93.44,92.60,93.06,12100,88.40
2013-10-04,93.00,93.08,92.38,92.58,5100,87.95
2013-10-03,94.00,94.03,93.50,93.80,12200,89.11
2013-10-02,94.24,94.53,94.05,94.28,3300,89.56
2013-10-01,94.13,94.45,93.33,93.57,13800,88.89
2013-09-30,94.56,94.56,94.00,94.03,2900,89.33
2013-09-27,94.99,95.06,94.42,95.00,4900,90.25
2013-09-26,95.00,95.00,94.00,94.25,2500,89.53
2013-09-25,94.50,94.53,94.30,94.31,3500,89.59
2013-09-24,94.65,94.65,93.75,94.17,4300,89.46
2013-09-23,95.37,95.40,94.81,95.26,4700,90.06
2013-09-20,94.66,95.53,94.66,95.33,9000,90.13
2013-09-19,94.86,95.10,94.63,94.65,9800,89.49
2013-09-18,95.50,95.61,95.17,95.55,10500,90.34
2013-09-17,95.51,95.51,94.81,94.81,8700,89.64
2013-09-16,96.31,96.31,94.92,95.73,4600,90.51
2013-09-13,95.24,95.32,94.85,95.10,4000,89.91
2013-09-12,94.48,95.24,94.20,95.24,6900,90.04
2013-09-11,94.66,94.68,94.19,94.48,9700,89.33
2013-09-10,94.01,94.70,93.95,94.35,4600,89.20
2013-09-09,94.70,94.70,93.74,93.97,5000,88.84
2013-09-06,93.99,94.64,93.94,94.30,9200,89.16
2013-09-05,94.30,94.49,93.68,93.99,4100,88.86
2013-09-04,95.00,95.00,93.64,94.26,11500,89.12
2013-09-03,99.85,99.85,94.88,95.05,13800,89.86
2013-09-02,95.80,95.90,95.27,95.35,6300,90.15
2013-08-30,95.05,95.89,95.05,95.76,2900,90.54
2013-08-29,95.33,95.33,94.67,94.67,8000,89.51
2013-08-28,95.72,95.72,94.75,95.33,4600,90.13
2013-08-27,95.80,96.09,95.63,96.09,8600,90.85
2013-08-26,96.12,96.23,95.80,95.95,7200,90.72
2013-08-23,95.71,96.12,95.52,96.10,3700,90.86
2013-08-22,94.66,95.12,94.57,94.65,6800,89.49
2013-08-21,95.30,95.30,94.73,94.77,5700,89.60
2013-08-20,93.69,94.50,93.69,94.20,10300,89.06
2013-08-19,94.27,94.27,93.30,93.40,8600,88.30
2013-08-16,95.26,95.26,93.96,94.46,12100,89.31
2013-08-15,96.38,96.38,95.48,95.54,9400,90.33
2013-08-14,96.70,97.01,96.62,96.62,4900,91.35
2013-08-13,96.67,96.72,96.25,96.62,8200,91.35
2013-08-12,96.33,96.33,95.25,95.60,9700,90.38
2013-08-09,97.12,97.12,96.70,96.70,5100,91.42
2013-08-08,98.00,98.22,97.00,97.12,11700,91.82
2013-08-07,98.84,98.84,98.01,98.41,4000,93.04
2013-08-06,99.80,99.80,98.60,98.84,5600,93.45
2013-08-05,99.80,100.25,99.70,99.75,22000,94.31
2013-08-02,99.38,99.85,99.10,99.60,24200,94.17
2013-08-01,98.01,98.40,98.00,98.22,6100,92.86
2013-07-31,97.00,97.50,97.00,97.09,4700,91.79
2013-07-30,94.92,96.75,94.92,96.40,7400,91.14
2013-07-29,94.99,95.02,94.30,94.71,7900,89.54
2013-07-26,95.60,95.60,94.60,94.80,9500,89.63
2013-07-25,95.10,95.97,95.10,95.61,4100,90.39
2013-07-24,94.79,95.03,94.40,94.97,9800,89.79
2013-07-23,95.36,95.36,95.00,95.10,11200,89.91
2013-07-22,95.35,95.73,95.35,95.36,5300,90.16
2013-07-19,95.45,95.49,94.90,95.00,10900,89.82
2013-07-18,93.37,94.97,93.37,94.20,4700,89.06
2013-07-17,94.11,94.30,93.83,94.26,4400,89.12
2013-07-16,96.00,96.01,95.00,95.00,8800,89.82
2013-07-15,94.72,96.03,94.72,95.60,8500,90.38
2013-07-12,94.00,94.98,94.00,94.32,8600,89.17
2013-07-11,94.02,94.02,93.22,93.35,6800,88.26
2013-07-10,93.70,93.70,92.84,92.84,16700,87.78
2013-07-09,93.65,93.75,93.30,93.53,16500,88.43
2013-07-08,93.18,93.79,93.18,93.65,9700,88.54
2013-07-05,92.50,92.56,92.02,92.49,2400,87.44
2013-07-04,91.98,92.20,91.77,91.98,16200,86.96
2013-07-03,91.61,91.96,91.10,91.96,4900,86.94
2013-07-02,90.67,91.33,90.67,91.33,1900,86.35
2013-07-01,90.40,90.74,90.17,90.38,6200,85.45
2013-06-28,89.80,90.45,89.80,90.39,27500,85.46
2013-06-27,89.16,89.20,88.75,88.98,10100,84.13
2013-06-26,88.46,88.47,88.03,88.32,10900,83.50
2013-06-25,88.07,88.13,87.80,87.80,3700,83.01
2013-06-24,89.50,89.50,89.10,89.40,11800,84.13
2013-06-21,90.16,90.16,89.50,89.84,6700,84.54
2013-06-20,90.41,91.10,90.41,91.00,5300,85.64
2013-06-19,90.50,90.61,90.22,90.40,8800,85.07
2013-06-18,89.00,89.52,88.98,89.50,3700,84.22
2013-06-17,88.45,88.45,88.00,88.05,10200,82.86
2013-06-14,88.32,88.57,87.92,88.50,5600,83.28
2013-06-13,88.48,88.48,87.55,87.59,5400,82.43
2013-06-12,89.61,89.69,88.88,89.69,7500,84.40
2013-06-11,89.73,90.61,89.73,90.49,6500,85.16
2013-06-07,88.22,88.72,88.13,88.72,6200,83.49
2013-06-06,87.92,88.37,87.47,88.36,8500,83.15
2013-06-05,87.78,87.80,87.40,87.62,3000,82.46
2013-06-04,87.13,87.15,86.41,87.09,15300,81.96
2013-06-03,88.30,88.30,87.70,87.85,5300,82.67
2013-05-31,88.60,89.09,88.57,88.90,11000,83.66
2013-05-30,88.88,88.89,87.66,87.66,10200,82.49
2013-05-29,89.60,89.87,89.30,89.80,10300,84.51
2013-05-28,88.61,89.35,88.61,89.00,8200,83.75
2013-05-27,88.62,88.98,88.42,88.61,13700,83.39
2013-05-24,88.73,88.73,88.00,88.47,10200,83.26
2013-05-23,88.50,88.93,88.23,88.31,20700,83.10
2013-05-22,88.06,88.52,87.80,88.49,8200,83.27
2013-05-21,88.33,88.39,87.75,87.75,14200,82.58
2013-05-20,88.50,88.55,88.00,88.24,7500,83.04
2013-05-17,87.15,87.80,87.15,87.76,3800,82.59
2013-05-16,86.50,86.90,86.50,86.90,8400,81.78
2013-05-15,86.20,86.47,86.19,86.39,22400,81.30
2013-05-14,84.97,84.97,84.82,84.87,7900,79.87
2013-05-13,83.79,84.53,83.79,84.34,4400,79.37
2013-05-10,83.88,83.88,83.55,83.79,7600,78.85
2013-05-09,83.15,83.15,82.26,82.53,13300,77.67
2013-05-08,82.50,82.71,82.50,82.54,6400,77.67
2013-05-07,81.56,82.10,81.56,81.75,4500,76.93
2013-05-06,80.95,81.16,80.90,81.13,3500,76.35
2013-05-03,80.25,80.50,80.12,80.46,2600,75.72
2013-05-02,79.50,79.95,79.50,79.80,2500,75.10
2013-05-01,79.50,79.75,79.47,79.53,8300,74.84
2013-04-30,79.50,79.57,79.30,79.47,1300,74.79
2013-04-29,79.54,79.54,78.98,79.32,2000,74.64
2013-04-26,79.90,79.90,79.28,79.40,5500,74.72
2013-04-24,78.83,79.70,78.83,79.64,2900,74.95
2013-04-23,78.40,78.49,78.40,78.49,1000,73.86
2013-04-22,77.86,78.37,77.86,78.06,2200,73.46
2013-04-19,77.55,77.55,77.31,77.31,4600,72.75
2013-04-18,77.96,77.96,77.55,77.58,5900,73.01
2013-04-17,78.23,78.34,77.97,77.97,4200,73.37
2013-04-16,76.99,77.74,76.99,77.60,5500,73.03
2013-04-15,78.35,78.41,78.00,78.31,6900,73.69
2013-04-12,78.16,78.19,77.92,77.99,4900,73.39
2013-04-11,77.79,78.09,77.79,78.09,1200,73.49
2013-04-10,77.55,77.61,77.11,77.14,5400,72.59
2013-04-09,77.55,77.66,77.53,77.66,900,73.08
2013-04-08,77.20,77.47,77.20,77.45,1600,72.88
2013-04-05,77.31,77.31,76.91,77.25,3200,72.70
2013-04-04,77.30,77.30,76.63,76.63,4400,72.11
2013-04-03,77.80,78.00,77.55,77.55,5300,72.98
2013-04-02,77.44,77.49,77.15,77.15,4900,72.60
2013-03-28,77.54,77.54,77.44,77.44,6100,72.88
2013-03-27,77.35,77.35,77.10,77.32,2900,72.76
2013-03-26,77.33,77.33,76.93,77.00,6800,72.46
2013-03-25,77.20,77.61,77.20,77.61,4100,73.04
2013-03-22,77.20,77.26,76.87,76.93,4000,72.11
2013-03-21,78.11,78.13,77.80,77.80,2400,72.93
2013-03-20,77.72,77.72,77.28,77.28,3500,72.44
2013-03-19,77.92,78.02,77.44,77.65,4900,72.79
2013-03-18,78.00,78.00,77.07,77.30,2400,72.46
2013-03-15,78.15,78.48,78.15,78.43,4200,73.52
2013-03-14,78.28,78.62,77.65,78.08,8200,73.19
2013-03-13,78.25,78.39,78.02,78.28,5600,73.38
2013-03-12,78.80,78.81,78.19,78.66,6500,73.74
2013-03-11,78.52,78.87,78.52,78.83,6300,73.90
2013-03-08,78.00,78.29,77.96,77.96,5000,73.08
2013-03-07,78.19,78.20,77.80,77.83,2500,72.96
2013-03-06,77.80,77.85,77.57,77.68,6500,72.82
2013-03-05,77.79,77.79,77.38,77.38,2900,72.54
2013-03-04,77.00,77.29,77.00,77.24,2800,72.41
2013-03-01,77.00,77.00,76.41,76.77,3400,71.96
2013-02-28,76.48,76.98,76.36,76.75,6300,71.95
2013-02-27,75.52,75.86,75.50,75.80,1700,71.06
2013-02-26,75.56,75.56,75.02,75.26,5400,70.55
2013-02-25,76.46,76.54,76.42,76.54,3200,71.75
2013-02-22,76.00,76.00,75.60,75.60,2500,70.87
2013-02-21,76.20,76.45,76.05,76.05,2600,71.29
2013-02-20,76.85,76.90,76.42,76.80,12200,71.99
2013-02-19,76.65,76.65,76.40,76.45,4600,71.66
2013-02-18,76.75,76.80,76.67,76.75,4700,71.95
2013-02-15,76.30,76.40,76.00,76.00,3900,71.24
2013-02-14,76.14,76.29,75.91,76.27,3000,71.50
2013-02-13,76.50,76.55,76.19,76.19,4100,71.42
2013-02-12,76.66,76.76,76.48,76.72,2100,71.92
2013-02-11,76.30,76.66,76.28,76.42,4100,71.64
2013-02-08,75.72,76.20,75.72,76.18,3400,71.41
2013-02-07,75.98,76.02,75.63,75.63,5600,70.90
2013-02-06,75.35,75.64,75.28,75.60,2100,70.87
2013-02-05,74.71,74.71,74.17,74.50,4100,69.84
2013-02-04,75.00,75.13,74.80,74.80,2200,70.12
2013-02-01,74.84,74.99,74.59,74.96,5900,70.27
2013-01-31,74.55,74.71,74.06,74.71,2200,70.03
2013-01-30,74.70,74.70,74.59,74.64,2600,69.97
2013-01-29,74.74,74.74,74.30,74.66,4800,69.99
2013-01-25,73.39,74.09,73.39,74.05,3900,69.42
2013-01-24,73.13,73.13,73.12,73.12,13500,68.54
2013-01-23,73.27,73.39,73.11,73.11,2000,68.53
2013-01-22,73.50,73.50,72.80,72.80,4300,68.24
2013-01-21,73.14,73.14,73.02,73.03,700,68.46
2013-01-18,72.64,72.80,72.32,72.80,2200,68.24
2013-01-17,72.27,72.27,71.92,72.27,3200,67.75
2013-01-16,72.12,72.15,71.90,71.98,1300,67.47
2013-01-15,71.90,71.92,71.80,71.84,6400,67.34
2013-01-14,72.17,72.27,72.16,72.16,1300,67.64
2013-01-11,71.92,71.97,71.73,71.84,1400,67.34
2013-01-10,71.60,71.94,71.60,71.80,5900,67.31
2013-01-09,71.78,71.78,71.60,71.77,1800,67.28
2013-01-08,71.90,71.90,71.75,71.81,3500,67.32
2013-01-07,71.97,72.07,71.75,72.06,1500,67.55
2013-01-04,71.98,72.10,71.67,72.10,1100,67.59
2013-01-03,71.00,71.98,71.00,71.64,6200,67.16
2013-01-02,71.20,71.20,70.82,70.85,1600,66.42
2012-12-31,72.00,72.00,69.00,69.19,1900,64.86
2012-12-28,70.60,70.60,70.30,70.33,1900,65.93
2012-12-27,70.59,70.59,70.48,70.48,100,66.07
2012-12-24,70.79,70.79,70.60,70.62,1500,66.20
2012-12-21,71.02,71.04,69.96,70.12,900,65.73
2012-12-20,71.30,71.30,70.76,70.90,4800,66.05
2012-12-19,71.49,71.49,71.00,71.28,10200,66.40
2012-12-18,70.10,70.53,70.10,70.36,4700,65.55
2012-12-17,69.86,69.86,69.49,69.74,4400,64.97
2012-12-14,69.88,69.94,69.54,69.86,7100,65.08
2012-12-13,70.04,70.08,69.90,70.08,5100,65.29
2012-12-12,70.24,70.29,70.00,70.25,1800,65.44
2012-12-11,69.95,70.04,69.90,70.04,2800,65.25
2012-12-10,70.10,70.10,69.75,70.00,3100,65.21
2012-12-07,69.79,69.80,69.54,69.77,3000,65.00
2012-12-06,69.69,69.72,69.45,69.45,2100,64.70
2012-12-05,69.31,69.71,69.13,69.67,5500,64.90
2012-12-04,69.94,69.94,69.50,69.50,3400,64.75
2012-12-03,70.10,70.44,70.10,70.43,4100,65.61
2012-11-30,70.03,70.11,69.75,70.10,3200,65.30
2012-11-29,69.29,69.44,69.06,69.44,1500,64.69
2012-11-28,69.12,69.12,68.68,68.71,2900,64.01
2012-11-27,69.12,69.32,68.97,69.30,6300,64.56
2012-11-26,69.18,69.18,69.00,69.00,1300,64.28
2012-11-23,69.80,69.80,69.13,69.13,2200,64.40
2012-11-22,69.14,69.23,69.11,69.16,6100,64.43
2012-11-21,68.84,69.02,68.73,68.73,1800,64.03
2012-11-20,68.50,68.94,68.25,68.45,4400,63.77
2012-11-19,67.92,67.92,67.80,67.80,1400,63.16
2012-11-16,67.40,67.40,67.30,67.38,4700,62.77
2012-11-15,67.70,67.70,67.30,67.38,2700,62.77
2012-11-14,67.89,68.00,67.81,68.00,2400,63.35
2012-11-13,68.32,68.32,67.90,67.90,2000,63.25
2012-11-12,68.70,68.70,68.18,68.18,900,63.52
2012-11-09,68.80,68.80,68.02,68.50,2900,63.81
2012-11-08,69.26,69.26,68.81,69.17,6600,64.44
2012-11-07,70.50,70.50,69.84,69.92,3500,65.14
2012-11-06,70.27,70.33,70.00,70.00,4900,65.21
2012-11-05,70.15,70.17,70.00,70.10,1400,65.30
2012-11-02,70.64,70.73,70.63,70.73,700,65.89
2012-11-01,69.75,69.75,69.45,69.65,400,64.88
2012-10-31,70.10,70.14,70.10,70.10,2400,65.30
2012-10-30,69.75,69.75,69.49,69.72,2100,64.95
2012-10-29,70.30,70.30,69.73,69.73,2700,64.96
2012-10-26,70.35,70.35,69.75,70.30,5200,65.49
2012-10-25,70.45,70.45,69.84,70.00,3200,65.21
2012-10-24,71.25,71.25,70.55,70.63,3300,65.80
2012-10-23,71.20,71.20,71.13,71.13,2300,66.26
2012-10-22,71.70,71.70,70.90,71.02,2200,66.16
2012-10-19,72.00,72.15,71.88,72.06,3200,67.13
2012-10-18,72.00,72.21,72.00,72.12,4000,67.19
2012-10-17,73.02,73.02,71.89,71.89,1900,66.97
2012-10-16,71.95,72.00,71.77,71.77,3600,66.86
2012-10-15,71.38,71.51,71.38,71.40,800,66.52
2012-10-12,71.83,71.83,71.60,71.65,1400,66.75
2012-10-11,72.00,72.02,71.25,71.33,1500,66.45
2012-10-10,72.70,72.70,72.14,72.15,3400,67.21
2012-10-09,73.02,73.02,72.75,72.76,2500,67.78
2012-10-08,73.50,73.52,73.25,73.51,1600,68.48
2012-10-05,73.00,73.10,72.78,72.78,1200,67.80
2012-10-04,72.65,73.01,72.65,72.94,1200,67.95
2012-10-03,72.22,72.30,72.15,72.27,700,67.33
2012-10-02,71.90,71.90,71.23,71.43,2300,66.54
2012-10-01,71.20,71.20,71.12,71.12,400,66.25
2012-09-28,71.06,71.06,70.80,70.80,1200,65.96
2012-09-27,71.10,71.10,70.80,70.80,1900,65.96
2012-09-26,71.40,71.49,71.27,71.49,600,66.60
2012-09-25,71.73,71.86,71.73,71.79,4900,66.88
2012-09-24,71.25,72.01,71.20,71.95,2200,66.75
2012-09-21,72.05,72.05,71.97,71.97,1200,66.77
2012-09-20,72.30,72.30,71.77,72.03,3700,66.83
2012-09-19,72.07,72.22,71.93,72.13,5700,66.92
2012-09-18,72.00,72.00,71.73,71.73,2400,66.55
2012-09-17,71.19,71.69,71.19,71.39,1400,66.23
2012-09-14,71.36,71.36,70.88,71.19,9700,66.05
2012-09-13,70.48,70.81,70.48,70.80,1200,65.69
2012-09-12,70.55,70.63,70.46,70.48,5000,65.39
2012-09-11,71.14,71.14,70.92,70.93,1600,65.81
2012-09-10,71.35,71.35,71.00,71.32,1800,66.17
2012-09-07,71.64,71.67,71.30,71.30,300,66.15
2012-09-06,71.05,71.05,70.76,70.76,700,65.65
2012-09-05,70.58,70.85,70.58,70.75,2300,65.64
2012-09-04,70.70,70.85,70.24,70.24,3400,65.17
2012-09-03,70.00,70.38,70.00,70.33,4300,65.25
2012-08-31,69.91,69.94,69.61,69.80,1100,64.76
2012-08-30,69.89,69.89,69.58,69.85,2500,64.80
2012-08-29,69.89,69.89,69.80,69.80,2300,64.76
2012-08-28,69.83,69.84,69.73,69.73,4600,64.69
2012-08-27,69.67,69.78,69.44,69.74,3500,64.70
2012-08-24,69.02,69.05,68.85,69.03,2900,64.04
2012-08-23,69.35,69.35,69.02,69.24,3000,64.24
2012-08-22,69.30,69.35,69.00,69.35,4600,64.34
2012-08-21,69.53,69.53,69.33,69.39,3800,64.38
2012-08-20,69.68,69.70,69.21,69.21,2800,64.21
2012-08-17,69.00,69.20,69.00,69.17,500,64.17
2012-08-16,68.50,68.88,68.50,68.86,2200,63.89
2012-08-15,68.27,68.50,68.20,68.40,2400,63.46
2012-08-14,68.10,68.45,68.10,68.30,2800,63.37
2012-08-13,68.06,68.06,67.95,67.97,2700,63.06
2012-08-10,67.65,68.10,67.65,67.82,1300,62.92
2012-08-09,67.89,67.89,67.60,67.60,800,62.72
2012-08-08,68.00,68.00,67.63,67.63,2400,62.74
2012-08-07,67.39,67.39,67.39,67.39,100,62.52
2012-08-06,67.49,67.49,67.12,67.12,2100,62.27
2012-08-03,66.65,66.65,66.55,66.55,3800,61.74
2012-08-02,67.14,67.16,67.11,67.15,2600,62.30
2012-08-01,67.07,67.15,66.90,67.06,1700,62.22
2012-07-31,67.39,67.50,67.10,67.50,800,62.62
2012-07-30,67.33,67.64,67.33,67.64,2600,62.75
2012-07-27,66.73,66.90,66.73,66.90,3700,62.07
2012-07-26,66.45,66.51,66.15,66.40,800,61.60
2012-07-25,66.58,66.67,66.57,66.57,1900,61.76
2012-07-24,67.14,67.17,66.87,66.87,1300,62.04
2012-07-23,67.00,67.45,67.00,67.00,6400,62.16
2012-07-20,67.68,67.68,67.32,67.35,800,62.48
2012-07-18,67.75,67.77,67.70,67.70,1100,62.81
2012-07-17,67.70,67.74,67.38,67.38,1400,62.51
2012-07-16,67.90,68.00,67.90,67.93,1100,63.02
2012-07-13,67.65,67.70,67.62,67.70,1200,62.81
2012-07-12,67.00,67.30,66.97,67.30,200,62.44
2012-07-11,68.00,68.00,67.50,67.50,900,62.62
2012-07-10,68.25,68.25,67.81,68.16,3600,63.24
2012-07-09,68.26,68.26,68.26,68.26,000,63.33
2012-07-06,68.10,68.20,68.00,68.00,900,63.09
2012-07-05,68.65,68.65,68.25,68.25,000,63.32
2012-07-04,68.60,68.60,68.40,68.40,400,63.46
2012-07-03,68.12,68.12,68.12,68.12,100,63.20
2012-07-02,69.00,69.00,67.92,67.92,3300,63.01
2012-06-29,67.50,67.72,67.50,67.70,5200,62.81
2012-06-28,67.44,67.44,67.18,67.43,2100,62.56
2012-06-27,67.00,67.21,67.00,67.21,1000,62.35
2012-06-26,67.08,67.15,67.08,67.15,800,62.30
2012-06-25,68.02,68.04,67.86,68.04,1700,62.85
2012-06-22,67.80,67.88,67.80,67.86,1100,62.69
2012-06-21,68.37,68.39,68.24,68.36,10500,63.15
2012-06-20,68.20,68.40,68.20,68.34,6200,63.13
2012-06-19,68.37,68.47,68.20,68.20,800,63.00
2012-06-18,68.00,68.52,68.00,68.37,2600,63.16
2012-06-15,68.24,68.33,68.14,68.26,6700,63.06
2012-06-14,67.71,67.95,67.71,67.85,400,62.68
2012-06-13,68.22,68.30,68.10,68.28,3200,63.08
2012-06-12,67.98,68.07,67.88,68.07,1900,62.88
2012-06-08,68.36,68.36,68.08,68.33,500,63.12
2012-06-07,68.31,68.52,68.00,68.00,1400,62.82
2012-06-06,67.79,67.79,67.40,67.40,900,62.26
2012-06-05,67.00,67.21,67.00,67.11,2000,61.99
2012-06-04,67.45,67.48,67.20,67.20,1800,62.08
2012-06-01,69.11,69.41,69.11,69.20,400,63.93
2012-05-31,69.33,69.40,69.25,69.25,400,63.97
2012-05-30,69.57,69.88,69.57,69.88,500,64.55
2012-05-29,69.30,69.33,69.17,69.32,1600,64.04
2012-05-28,69.60,69.60,69.17,69.17,3600,63.90
2012-05-25,69.62,69.81,69.59,69.60,4200,64.29
2012-05-24,69.09,69.40,69.09,69.37,1100,64.08
2012-05-23,69.13,69.13,68.93,68.93,1000,63.68
2012-05-22,68.40,68.44,68.25,68.35,1400,63.14
2012-05-21,67.63,67.69,67.50,67.69,2300,62.53
2012-05-18,67.86,68.06,67.72,67.97,2900,62.79
2012-05-17,68.89,68.94,68.74,68.85,800,63.60
2012-05-16,69.09,69.11,68.91,68.98,1500,63.72
2012-05-15,69.23,69.23,69.15,69.15,1700,63.88
2012-05-14,69.38,69.46,69.38,69.46,2100,64.17
2012-05-11,69.13,69.13,68.96,69.01,2200,63.75
2012-05-10,69.00,69.03,69.00,69.02,300,63.76
2012-05-09,69.29,69.29,69.16,69.19,16400,63.92
2012-05-08,69.06,69.11,68.90,68.98,3900,63.72
2012-05-07,68.63,68.63,68.49,68.50,300,63.28
2012-05-04,69.59,69.67,69.56,69.66,700,64.35
2012-05-03,69.98,70.00,69.98,70.00,900,64.66
2012-05-02,69.75,70.00,69.75,69.91,4700,64.58
2012-05-01,69.10,69.36,68.97,69.36,4900,64.07
2012-04-30,69.04,69.22,69.04,69.12,3800,63.85
2012-04-27,69.31,69.31,69.12,69.28,2000,64.00
2012-04-26,69.06,69.17,68.99,68.99,1300,63.73
2012-04-24,68.22,68.66,68.21,68.66,2200,63.43
2012-04-23,68.26,68.47,68.26,68.47,5500,63.25
2012-04-20,68.58,68.63,68.35,68.35,4600,63.14
2012-04-19,68.42,68.72,68.42,68.72,8000,63.48
2012-04-18,68.60,68.66,68.47,68.47,600,63.25
2012-04-17,68.02,68.09,67.90,68.09,3300,62.90
2012-04-16,67.90,68.05,67.90,68.05,300,62.86
2012-04-13,68.39,68.47,68.39,68.40,20900,63.19
2012-04-12,68.16,68.16,67.87,67.87,1700,62.70
2012-04-11,68.42,68.42,67.97,68.00,5300,62.82
2012-04-10,68.80,68.85,68.69,68.83,1900,63.58
2012-04-05,69.91,69.96,69.90,69.90,1500,64.57
2012-04-04,70.25,70.46,70.25,70.46,500,65.09
2012-04-03,69.87,69.87,69.69,69.69,3200,64.38
2012-04-02,69.59,69.82,69.58,69.71,2200,64.40
2012-03-30,69.50,69.51,69.50,69.51,1300,64.21
2012-03-29,69.65,69.65,69.65,69.65,000,64.34
2012-03-28,69.56,69.68,69.56,69.60,1900,64.29
2012-03-27,69.54,69.54,69.45,69.45,8800,64.16
2012-03-26,69.27,69.30,69.05,69.23,1400,63.95
2012-03-23,69.08,69.29,69.07,69.14,6400,63.87
2012-03-22,69.20,69.69,69.20,69.64,7200,64.33
2012-03-21,69.19,69.22,69.10,69.10,4500,63.83
2012-03-20,68.55,68.77,68.39,68.77,5800,63.53
2012-03-19,68.42,68.62,68.42,68.51,800,63.29
2012-03-16,68.56,68.77,68.50,68.65,2100,63.42
2012-03-15,68.68,69.04,68.68,68.78,8400,63.54
2012-03-14,68.22,68.49,68.22,68.45,2000,63.23
2012-03-13,67.52,67.59,67.52,67.59,8000,62.44
2012-03-12,67.20,67.26,67.10,67.26,200,62.13
2012-03-09,66.30,66.32,66.18,66.18,700,61.14
2012-03-08,65.75,66.10,65.75,65.90,2700,60.88
2012-03-07,65.71,65.92,65.61,65.61,16300,60.61
2012-03-06,65.98,66.03,65.95,66.00,1000,60.97
2012-03-05,65.99,65.99,65.76,65.81,4500,60.79
2012-03-02,65.90,65.93,65.85,65.86,1400,60.84
2012-03-01,65.51,65.51,65.44,65.44,900,60.45
2012-02-29,65.85,65.85,65.69,65.70,1200,60.69
2012-02-28,66.10,66.10,65.78,65.80,1400,60.78
2012-02-27,66.00,66.09,66.00,66.06,1700,61.02
2012-02-24,65.80,66.02,65.80,65.80,400,60.78
2012-02-23,66.02,66.05,65.91,65.91,1500,60.89
2012-02-22,66.06,66.18,66.06,66.13,1000,61.09
2012-02-21,63.50,65.95,63.50,65.81,900,60.79
2012-02-20,65.08,65.72,65.08,65.59,2600,60.59
2012-02-17,65.35,65.35,65.04,65.08,1200,60.12
2012-02-16,65.02,65.02,64.76,64.76,300,59.82
2012-02-15,65.10,65.33,65.10,65.33,9800,60.35
2012-02-14,64.94,65.32,64.94,65.32,100,60.34
2012-02-13,65.13,65.13,64.97,64.97,1200,60.02
2012-02-10,64.86,64.95,64.80,64.95,1600,60.00
2012-02-09,64.58,64.70,64.58,64.70,200,59.77
2012-02-08,65.01,65.01,64.61,64.61,700,59.68
2012-02-07,64.67,64.92,64.42,64.42,3700,59.51
2012-02-06,64.50,64.53,64.42,64.53,1000,59.61
2012-02-03,63.93,63.93,63.93,63.93,100,59.06
2012-02-02,64.00,64.00,63.84,63.93,3200,59.06
2012-02-01,63.83,63.83,63.43,63.65,3800,58.80
2012-01-31,63.96,63.97,63.73,63.73,3300,58.87
2012-01-30,64.00,64.00,63.58,63.63,3500,58.78
2012-01-27,63.96,64.03,63.96,64.00,900,59.12
2012-01-25,64.75,64.75,64.49,64.55,4500,59.63
2012-01-24,64.23,64.23,64.17,64.17,2300,59.28
2012-01-23,64.25,64.33,64.19,64.27,900,59.37
2012-01-20,64.76,64.85,64.70,64.85,700,59.91
2012-01-19,64.50,64.57,64.30,64.46,1200,59.55
2012-01-18,64.06,64.06,63.90,64.06,1300,59.18
2012-01-17,64.35,64.42,64.35,64.42,2600,59.51
2012-01-16,64.65,64.65,64.35,64.35,400,59.44
2012-01-13,64.40,64.53,64.35,64.53,1200,59.61
2012-01-12,64.35,64.36,64.19,64.19,1600,59.30
2012-01-11,64.16,64.28,64.16,64.19,3800,59.30
2012-01-10,63.97,63.97,63.89,63.89,600,59.02
2012-01-06,63.81,63.90,63.68,63.68,100,58.83
2012-01-05,63.29,63.29,63.29,63.29,600,58.47
2012-01-04,63.15,63.18,62.97,62.97,300,58.17
2012-01-03,62.93,63.77,62.93,63.77,7500,58.91
2011-12-29,63.39,63.67,63.39,63.67,5200,58.82
2011-12-28,63.92,63.92,63.65,63.65,400,58.80
2011-12-23,63.51,63.69,63.47,63.69,3200,58.84
2011-12-22,63.11,63.11,62.90,62.90,600,58.11
2011-12-21,62.66,63.25,62.66,63.25,700,58.43
2011-12-20,62.68,62.75,62.45,62.66,1500,57.88
2011-12-19,62.62,62.80,62.59,62.70,8900,57.92
2011-12-16,62.82,62.90,62.82,62.90,2400,58.11
2011-12-15,63.00,63.00,62.68,62.86,2400,58.07
2011-12-14,63.02,63.02,63.00,63.00,2100,58.20
2011-12-13,63.29,63.29,63.21,63.21,1600,58.39
2011-12-12,63.46,63.66,63.29,63.63,800,58.78
2011-12-09,62.58,62.98,62.50,62.98,600,58.18
2011-12-08,63.30,63.67,63.30,63.49,1800,58.65
2011-12-06,62.98,63.02,62.84,62.99,500,58.19
2011-12-05,62.82,63.12,62.82,63.09,600,58.28
2011-12-02,62.59,62.60,62.57,62.60,3300,57.83
2011-12-01,62.42,62.76,62.40,62.51,2600,57.75
2011-11-29,61.85,61.91,61.85,61.91,900,57.19
2011-11-28,61.24,61.59,61.24,61.47,500,56.78
2011-11-25,61.34,61.53,61.21,61.24,4700,56.57
2011-11-24,61.77,61.77,61.45,61.60,3900,56.90
2011-11-23,62.01,62.01,61.47,61.55,4200,56.86
2011-11-21,62.43,62.43,62.09,62.09,2100,57.36
2011-11-18,62.61,62.66,62.56,62.66,3400,57.88
2011-11-16,63.71,63.71,63.55,63.67,4400,58.82
2011-11-15,63.26,63.28,63.01,63.06,3700,58.25
2011-11-14,63.37,63.50,63.25,63.48,5500,58.64
2011-11-11,62.91,63.02,62.91,63.02,2700,58.22
2011-11-10,62.27,62.32,62.14,62.28,3500,57.53
2011-11-09,63.15,63.29,63.09,63.29,4900,58.47
2011-11-08,62.50,62.71,62.41,62.51,6100,57.75
2011-11-07,62.30,62.35,62.14,62.31,6200,57.56
2011-11-04,62.24,62.34,61.95,62.34,900,57.59
2011-11-03,61.55,61.55,61.47,61.47,2500,56.78
2011-11-02,61.21,61.21,61.20,61.20,2500,56.53
2011-11-01,60.88,60.96,60.85,60.87,1500,56.23
2011-10-31,61.69,62.37,61.59,62.37,200,57.62
2011-10-28,61.82,61.83,61.50,61.70,32600,57.00
2011-10-27,61.64,61.66,61.48,61.66,200,56.96
2011-10-26,60.56,60.99,60.56,60.99,2800,56.34
2011-10-25,61.43,61.43,61.09,61.09,1400,56.43
2011-10-24,61.30,61.30,61.04,61.04,3100,56.39
2011-10-21,60.52,60.77,60.52,60.77,200,56.14
2011-10-20,60.74,60.85,60.74,60.81,900,56.17
2011-10-19,61.11,61.11,60.71,60.71,700,56.08
2011-10-18,60.63,60.63,59.97,60.01,2200,55.44
2011-10-17,61.05,61.08,61.05,61.08,700,56.42
2011-10-14,60.38,60.49,60.26,60.26,800,55.67
2011-10-13,60.38,60.38,60.38,60.38,100,55.78
2011-10-11,61.11,61.11,60.96,61.07,1100,56.41
2011-10-10,61.05,61.05,60.82,60.90,1000,56.26
2011-10-07,61.00,61.00,60.85,60.85,500,56.21
2011-10-06,60.00,61.99,60.00,61.99,3300,57.26
2011-10-05,59.97,59.97,59.58,59.58,2700,55.04
2011-10-04,58.48,58.48,58.45,58.45,1200,53.99
2011-10-03,59.59,59.59,59.58,59.58,1500,55.04
2011-09-30,60.69,60.69,60.33,60.33,3500,55.73
2011-09-29,60.31,60.58,60.31,60.52,300,55.91
2011-09-28,60.55,60.75,60.55,60.75,2900,56.12
2011-09-27,60.49,60.73,60.49,60.60,2100,55.98
2011-09-26,59.77,59.77,59.66,59.74,3500,55.19
2011-09-23,59.34,59.88,59.34,59.88,1600,55.32
2011-09-22,61.00,61.00,59.42,59.42,12400,54.89
2011-09-21,60.45,60.54,60.45,60.54,9100,55.93
2011-09-20,60.50,60.62,60.38,60.60,3600,55.98
2011-09-19,60.26,60.38,60.26,60.38,1800,55.78
2011-09-16,60.42,60.57,60.36,60.36,1900,55.76
2011-09-15,59.99,59.99,59.89,59.90,1700,55.33
2011-09-14,58.42,58.71,58.42,58.48,400,54.02
2011-09-13,58.33,58.40,58.08,58.18,1500,53.75
2011-09-12,57.67,57.67,56.85,57.06,6000,52.71
2011-09-09,57.76,57.93,57.67,57.67,200,53.27
2011-09-08,58.42,58.42,58.15,58.15,1200,53.72
2011-09-07,57.08,57.25,57.00,57.16,4200,52.80
2011-09-06,56.00,56.10,55.71,55.79,5500,51.54
2011-09-05,56.67,56.75,56.63,56.63,6300,52.31
2011-09-02,57.88,57.92,57.65,57.67,2400,53.27
2011-09-01,58.90,59.09,58.90,58.90,4800,54.41
2011-08-31,58.51,58.51,58.37,58.37,300,53.92
2011-08-30,58.55,58.56,58.43,58.56,5300,54.10
2011-08-29,57.53,57.53,57.50,57.53,1300,53.14
2011-08-26,57.07,57.13,57.07,57.11,1300,52.76
2011-08-25,57.64,57.64,57.62,57.63,100,53.24
2011-08-24,56.60,56.64,56.50,56.50,2200,52.19
2011-08-23,55.53,55.82,55.53,55.65,5400,51.41
2011-08-22,56.45,56.45,55.40,55.44,4300,51.21
2011-08-19,56.81,56.83,56.32,56.42,8800,52.12
2011-08-18,58.10,58.10,58.10,58.10,200,53.67
2011-08-17,58.71,58.87,58.71,58.80,4100,54.32
2011-08-16,59.14,59.14,58.93,58.93,2300,54.44
2011-08-15,58.82,58.82,58.79,58.79,300,54.31
2011-08-12,58.40,58.40,57.87,58.10,1100,53.67
2011-08-11,57.34,57.53,57.09,57.25,4000,52.89
2011-08-10,58.36,58.56,58.13,58.30,4700,53.86
2011-08-09,55.86,56.16,55.40,55.87,12700,51.61
2011-08-08,59.00,59.00,58.10,58.24,3800,53.80
2011-08-05,59.13,59.42,59.11,59.23,6500,54.72
2011-08-04,60.84,61.19,60.81,61.15,1100,56.49
2011-08-03,60.12,60.39,60.12,60.39,900,55.79
2011-08-02,61.44,61.44,60.44,60.72,3100,56.09
2011-08-01,61.51,61.68,61.44,61.44,2900,56.76
2011-07-29,61.10,61.30,60.79,61.03,3600,56.38
2011-07-28,61.36,61.37,61.18,61.18,28700,56.52
2011-07-27,62.96,62.98,62.37,62.37,4400,57.62
2011-07-26,63.82,63.82,63.82,63.82,400,58.96
2011-07-25,63.96,63.96,63.70,63.74,6200,58.88
2011-07-22,64.50,64.66,64.45,64.66,1000,59.73
2011-07-21,64.05,64.37,64.05,64.30,3500,59.40
2011-07-20,64.30,64.44,64.27,64.35,3800,59.44
2011-07-19,63.84,63.94,63.70,63.94,8600,59.07
2011-07-18,64.27,64.38,64.27,64.37,100,59.46
2011-07-15,63.45,63.71,63.28,63.71,1100,58.85
2011-07-14,63.45,63.59,63.39,63.59,2100,58.74
2011-07-13,64.50,64.50,64.38,64.43,500,59.52
2011-07-12,64.70,64.70,64.31,64.50,3300,59.58
2011-07-11,65.40,65.40,65.05,65.05,5700,60.09
2011-07-08,65.55,65.55,65.37,65.37,1900,60.39
2011-07-07,65.00,65.19,65.00,65.19,1200,60.22
2011-07-06,65.20,65.20,64.90,64.90,2000,59.95
2011-07-05,64.74,64.95,64.74,64.95,1200,60.00
2011-07-04,64.51,64.76,64.40,64.73,2100,59.80
2011-07-01,64.03,64.04,63.98,63.98,1700,59.10
2011-06-30,63.44,63.51,63.34,63.51,300,58.67
2011-06-29,63.89,64.08,63.80,63.80,3400,58.94
2011-06-28,63.75,63.75,63.60,63.68,4800,58.83
2011-06-27,62.78,63.15,62.78,63.15,1400,58.34
2011-06-24,63.77,63.83,63.75,63.75,1400,58.89
2011-06-23,63.29,63.32,63.17,63.26,4200,58.44
2011-06-22,63.57,63.64,63.45,63.45,4300,58.61
2011-06-21,62.61,62.90,62.61,62.90,7200,58.11
2011-06-20,62.34,62.34,62.11,62.20,5400,57.46
2011-06-17,62.50,62.60,62.50,62.60,800,57.83
2011-06-16,62.34,62.43,62.18,62.43,700,57.67
2011-06-15,62.60,62.82,62.47,62.47,1200,57.71
2011-06-14,62.44,62.57,62.30,62.57,1900,57.80
2011-06-10,64.00,64.00,62.96,62.96,1600,58.16
2011-06-09,62.60,63.04,62.50,63.00,2300,58.20
2011-06-08,62.85,62.85,62.50,62.70,1800,57.92
2011-06-07,62.50,62.86,62.21,62.86,3400,58.07
2011-06-06,62.80,62.96,62.80,62.96,1600,58.16
2011-06-03,64.30,64.30,63.80,64.04,4000,59.16
2011-06-02,64.55,64.55,64.34,64.34,1600,59.44
2011-06-01,65.75,65.75,65.40,65.41,2000,60.42
2011-05-31,64.88,65.22,64.88,65.22,1800,60.25
2011-05-30,64.84,64.95,64.84,64.95,2000,60.00
2011-05-27,65.10,65.10,64.68,64.81,3300,59.87
2011-05-26,64.81,64.91,64.81,64.85,300,59.91
2011-05-25,64.51,64.77,64.51,64.69,3400,59.76
2011-05-23,64.90,65.00,64.90,64.98,1400,60.03
2011-05-20,65.55,65.55,65.40,65.46,1300,60.47
2011-05-19,65.52,65.52,65.37,65.37,800,60.39
2011-05-18,65.00,65.16,64.85,65.16,1400,60.19
2011-05-17,65.25,65.25,65.01,65.11,600,60.15
2011-05-16,66.10,66.10,65.49,65.52,4300,60.53
2011-05-13,65.90,66.03,65.78,65.94,3600,60.91
2011-05-12,65.00,65.67,65.00,65.44,9900,60.45
2011-05-11,66.00,66.00,65.00,65.04,5000,60.08
2011-05-10,64.74,64.83,64.65,64.80,2100,59.86
2011-05-09,64.97,64.97,64.60,64.60,11200,59.68
2011-05-06,65.36,65.38,64.80,64.80,2300,59.86
2011-05-05,65.10,65.29,64.84,65.29,1700,60.31
2011-05-04,64.70,64.93,64.70,64.75,4100,59.81
2011-05-03,65.08,65.08,64.50,64.73,5300,59.80
2011-05-02,64.74,65.39,64.74,65.39,8000,60.41
2011-04-29,64.62,64.83,64.62,64.80,18500,59.86
2011-04-28,64.65,64.73,64.53,64.62,4400,59.69
2011-04-27,64.50,64.99,64.50,64.65,1400,59.72
2011-04-21,65.09,65.09,64.60,64.61,5100,59.68
2011-04-20,64.75,64.75,64.60,64.75,2200,59.81
2011-04-19,64.90,64.90,64.44,64.45,1900,59.54
2011-04-18,65.04,65.04,64.90,64.92,2100,59.97
2011-04-15,64.85,64.85,64.68,64.77,3300,59.83
2011-04-14,65.20,65.20,64.70,64.71,7700,59.78
2011-04-13,65.14,65.31,65.14,65.20,1900,60.23
2011-04-12,65.30,65.55,65.30,65.53,3400,60.53
2011-04-11,65.65,65.65,65.40,65.40,4300,60.41
2011-04-08,66.29,66.29,65.78,65.97,36400,60.94
2011-04-07,66.43,66.43,66.15,66.20,4300,61.15
2011-04-06,67.06,67.06,66.90,66.90,200,61.80
2011-04-05,66.96,67.03,66.86,67.03,2200,61.92
2011-04-04,66.68,66.80,66.42,66.46,4800,61.39
2011-04-01,66.86,66.87,66.65,66.68,3000,61.60
2011-03-31,66.66,66.68,66.66,66.68,400,61.60
2011-03-30,66.25,66.25,66.24,66.24,1000,61.19
2011-03-29,66.02,66.21,66.02,66.10,2500,61.06
2011-03-28,66.50,66.58,66.29,66.32,1800,61.26
2011-03-25,66.95,67.04,66.88,67.00,1600,61.89
2011-03-24,66.54,66.56,66.50,66.50,5000,61.43
2011-03-23,66.50,66.66,66.49,66.51,42200,61.44
2011-03-22,67.05,67.07,66.81,66.81,3800,61.72
2011-03-21,67.00,67.00,66.84,66.84,1000,61.74
2011-03-18,67.25,67.37,67.04,67.09,9200,61.98
2011-03-17,66.88,66.92,66.79,66.92,600,61.82
2011-03-16,66.83,67.20,66.83,67.04,2100,61.93
2011-03-15,66.45,66.54,65.89,65.89,4100,60.87
2011-03-14,66.65,66.90,66.45,66.75,1200,61.66
2011-03-11,67.50,67.50,67.04,67.06,4500,61.95
2011-03-10,68.00,68.00,67.20,67.50,3300,62.35
2011-03-09,67.92,68.10,67.77,67.77,10900,62.60
2011-03-08,67.30,67.37,67.30,67.37,800,62.23
2011-03-07,67.80,67.80,67.38,67.43,7800,62.29
2011-03-04,68.27,68.37,68.21,68.21,1600,63.01
2011-03-03,66.70,67.00,66.70,67.00,900,61.89
2011-03-02,67.85,67.85,66.50,66.70,32800,61.62
2011-03-01,67.77,67.92,67.59,67.89,3200,62.71
2011-02-28,67.49,67.49,67.30,67.30,2100,62.17
2011-02-25,67.10,67.10,66.82,66.98,11300,61.87
2011-02-24,67.85,67.85,67.25,67.35,7400,62.22
2011-02-23,67.10,68.35,67.10,68.27,9100,63.07
2011-02-22,68.50,68.89,68.46,68.89,5700,63.64
2011-02-21,68.69,68.69,68.69,68.69,400,63.45
2011-02-18,71.00,71.00,68.65,68.65,1400,63.42
2011-02-17,69.00,69.04,68.92,69.03,1800,63.77
2011-02-16,68.96,69.20,68.96,69.19,26400,63.92
2011-02-15,68.70,68.78,68.50,68.59,38900,63.36
2011-02-14,68.34,68.87,68.34,68.66,15400,63.43
2011-02-11,68.06,68.45,68.05,68.43,17500,63.21
2011-02-10,67.56,68.00,67.49,68.00,4200,62.82
2011-02-09,67.66,67.66,67.54,67.56,4900,62.41
2011-02-08,67.33,67.41,67.30,67.41,13300,62.27
2011-02-07,66.95,66.95,66.89,66.89,1800,61.79
2011-02-04,67.60,67.60,66.30,66.48,6700,61.41
2011-02-03,66.80,66.84,66.69,66.79,5700,61.70
2011-02-02,66.66,66.78,66.55,66.78,7600,61.69
2011-02-01,66.68,66.74,66.55,66.55,7100,61.48
2011-01-31,67.35,67.35,66.21,66.59,3400,61.51
2011-01-28,67.83,67.83,67.77,67.77,1100,62.60
2011-01-27,66.98,67.30,66.98,67.30,6200,62.17
2011-01-25,66.82,67.04,66.82,66.94,7700,61.84
2011-01-24,67.00,67.00,66.94,66.94,1700,61.84
2011-01-21,67.07,67.07,66.92,67.00,1000,61.89
2011-01-20,66.53,66.72,66.53,66.60,400,61.52
2011-01-19,67.43,67.43,67.10,67.10,3700,61.99
2011-01-18,67.15,67.22,67.15,67.22,900,62.10
2011-01-17,67.46,67.60,67.40,67.60,3000,62.45
2011-01-14,66.95,66.95,66.71,66.71,1600,61.62
2011-01-13,67.03,67.03,66.90,66.90,4100,61.80
2011-01-12,67.10,67.21,66.82,67.03,11100,61.92
2011-01-11,66.42,66.64,66.42,66.64,2000,61.56
2011-01-10,65.94,66.03,65.75,66.03,3000,61.00
2011-01-06,66.05,66.05,65.90,65.90,200,60.88
2011-01-05,65.23,65.23,65.12,65.12,1100,60.16
2011-01-04,64.21,64.77,64.21,64.75,500,59.81
2010-12-31,64.19,64.27,64.13,64.21,1000,59.32
2010-12-30,64.22,64.22,63.93,64.14,6100,59.25
2010-12-29,65.00,65.00,64.50,64.55,1500,59.63
2010-12-24,66.00,66.00,64.84,65.00,2300,60.05
2010-12-23,65.22,65.36,65.20,65.33,5100,60.35
2010-12-22,65.46,65.54,65.44,65.48,2500,60.49
2010-12-21,65.31,65.32,65.10,65.23,5500,60.26
2010-12-20,65.37,65.37,65.23,65.23,200,60.26
2010-12-17,65.28,65.28,65.00,65.03,900,60.07
2010-12-16,64.85,65.11,64.85,65.05,3600,60.09
2010-12-15,64.80,64.80,64.58,64.72,1700,59.79
2010-12-14,66.00,66.00,64.65,64.65,4400,59.72
2010-12-13,65.45,65.45,65.35,65.43,2600,60.44
2010-12-10,65.16,65.16,65.06,65.06,1200,60.10
2010-12-09,65.37,65.38,64.91,64.93,1700,59.98
2010-12-08,64.50,64.67,64.50,64.67,200,59.74
2010-12-06,63.95,64.20,63.95,64.10,2500,59.21
2010-12-03,64.97,64.97,64.86,64.87,1600,59.93
2010-12-02,64.75,64.86,64.75,64.86,2100,59.92
2010-12-01,63.73,64.05,63.60,64.05,2500,59.17
2010-11-30,64.03,64.03,63.87,63.87,300,59.00
2010-11-29,63.92,64.13,63.86,64.13,1500,59.24
2010-11-26,63.45,63.59,63.45,63.59,100,58.74
2010-11-25,63.15,63.36,63.06,63.36,900,58.53
2010-11-24,62.87,62.87,62.55,62.62,900,57.85
2010-11-23,62.00,62.85,62.00,62.52,800,57.75
2010-11-22,62.84,62.84,62.60,62.60,400,57.83
2010-11-19,62.63,62.70,62.50,62.70,1400,57.92
2010-11-18,62.21,62.38,62.20,62.20,800,57.46
2010-11-17,62.36,62.36,62.30,62.35,600,57.60
2010-11-16,62.50,62.50,62.31,62.50,1900,57.74
2010-11-15,62.62,62.88,62.62,62.87,800,58.08
2010-11-12,62.62,62.62,62.62,62.62,400,57.85
2010-11-11,61.98,62.24,61.98,62.24,1700,57.50
2010-11-10,62.31,62.31,62.20,62.20,300,57.46
2010-11-09,62.17,62.28,62.10,62.14,2200,57.40
2010-11-08,62.19,62.20,62.07,62.18,300,57.44
2010-11-05,61.96,61.99,61.85,61.93,1800,57.21
2010-11-04,61.34,61.56,61.34,61.34,1000,56.66
2010-11-03,61.61,61.72,61.61,61.72,300,57.02
2010-11-02,62.00,62.00,61.29,61.29,2100,56.62
2010-11-01,62.00,62.18,62.00,62.15,2500,57.41
2010-10-29,62.75,62.75,62.00,62.00,2400,57.27
2010-10-28,62.75,62.75,62.40,62.40,1900,57.64
2010-10-27,61.97,62.55,61.97,62.30,3200,57.55
2010-10-26,61.57,61.68,61.50,61.68,2200,56.98
2010-10-25,61.78,61.85,61.54,61.57,700,56.88
2010-10-22,61.84,61.90,61.78,61.78,2700,57.07
2010-10-21,61.70,61.70,61.37,61.50,500,56.81
2010-10-20,61.80,61.80,61.56,61.66,8000,56.96
2010-10-19,61.05,61.16,60.80,61.16,2400,56.50
2010-10-18,61.17,61.20,61.05,61.05,600,56.40
2010-10-15,61.30,61.45,60.00,61.45,3400,56.77
2010-10-14,61.00,61.00,60.90,61.00,1600,56.35
2010-10-13,61.30,61.30,60.88,60.91,2300,56.27
2010-10-12,60.98,61.01,60.70,60.86,6700,56.22
2010-10-11,60.65,60.65,60.65,60.65,700,56.03
2010-10-08,60.60,60.80,60.55,60.64,2900,56.02
2010-10-07,61.50,61.50,60.47,60.50,3000,55.89
2010-10-06,61.00,61.33,61.00,61.33,2600,56.65
2010-10-05,60.50,60.88,60.50,60.88,300,56.24
2010-10-04,60.65,60.70,60.53,60.53,2100,55.92
2010-10-01,60.58,60.58,60.56,60.58,1100,55.96
2010-09-30,60.57,60.57,60.50,60.55,400,55.93
2010-09-29,60.89,60.89,60.61,60.66,2900,56.04
2010-09-28,60.97,61.02,60.80,61.01,1200,56.36
2010-09-27,61.26,61.26,61.26,61.26,000,56.59
2010-09-24,60.95,60.95,60.95,60.95,1000,56.30
2010-09-23,61.17,61.20,61.17,61.20,3000,56.53
2010-09-22,61.33,61.54,61.33,61.50,900,56.81
2010-09-21,62.06,62.06,61.91,61.91,1500,57.19
2010-09-20,61.52,61.52,61.23,61.23,800,56.56
2010-09-17,61.55,61.98,61.55,61.69,600,56.99
2010-09-16,61.70,61.70,61.41,61.41,700,56.73
2010-09-15,61.55,61.55,61.09,61.09,100,56.43
2010-09-14,61.50,61.55,61.45,61.55,1000,56.86
2010-09-13,61.55,61.55,61.55,61.55,300,56.86
2010-09-10,61.00,62.00,61.00,61.52,300,56.83
2010-09-09,61.16,61.16,61.09,61.09,1000,56.43
2010-09-08,61.73,61.73,61.31,61.31,700,56.64
2010-09-06,61.85,61.85,61.70,61.70,200,57.00
2010-09-03,61.47,61.49,61.33,61.49,1200,56.80
2010-09-01,60.36,60.36,60.36,60.36,500,55.76
2010-08-31,60.11,60.11,59.98,59.98,900,55.41
2010-08-30,62.75,62.76,60.74,60.92,2000,56.28
2010-08-27,60.55,60.71,60.40,60.71,3300,56.08
2010-08-26,60.92,60.92,60.86,60.86,2200,56.22
2010-08-25,60.71,60.73,60.69,60.73,1200,56.10
2010-08-24,61.09,61.25,61.09,61.25,200,56.58
2010-08-23,61.53,61.70,61.53,61.70,500,57.00
2010-08-20,61.42,61.42,61.42,61.42,000,56.74
2010-08-19,62.20,62.37,62.20,62.37,800,57.62
2010-08-18,61.78,61.78,61.78,61.78,100,57.07
2010-08-17,61.74,61.74,61.23,61.30,1700,56.63
2010-08-16,61.74,61.74,61.74,61.74,000,57.03
2010-08-13,61.79,61.79,61.73,61.73,500,57.02
2010-08-12,61.98,61.98,61.70,61.89,400,57.17
2010-08-11,62.83,62.83,62.83,62.83,200,58.04
2010-08-10,63.11,63.16,63.11,63.16,500,58.35
2010-08-09,62.67,62.71,62.46,62.71,500,57.93
2010-08-06,63.05,63.05,63.05,63.05,000,58.24
2010-08-05,63.08,63.08,63.05,63.05,1000,58.24
2010-08-04,62.74,62.74,62.74,62.74,300,57.96
2010-08-03,62.48,62.48,62.48,62.48,000,57.72
2010-08-02,62.48,62.48,62.48,62.48,600,57.72
2010-07-30,63.35,63.35,63.35,63.35,000,58.52
2010-07-29,63.25,63.37,63.25,63.35,2500,58.52
2010-07-28,65.00,65.00,63.32,63.87,400,59.00
2010-07-27,63.10,63.10,63.02,63.02,300,58.22
2010-07-26,62.39,62.39,62.39,62.39,000,57.63
2010-07-23,62.39,62.39,62.39,62.39,100,57.63
2010-07-22,62.18,62.18,62.18,62.18,300,57.44
2010-07-21,62.60,62.66,62.36,62.36,700,57.61
2010-07-20,62.28,62.28,62.25,62.25,800,57.50
2010-07-19,62.92,62.92,62.82,62.82,100,58.03
2010-07-16,63.61,63.61,63.61,63.61,300,58.76
2010-07-15,63.36,63.38,63.36,63.38,300,58.55
2010-07-14,63.69,63.76,63.61,63.61,3000,58.76
2010-07-13,62.80,63.01,62.80,62.98,1500,58.18
2010-07-12,62.55,62.55,62.49,62.52,700,57.75
2010-07-09,61.99,62.41,61.99,62.41,1300,57.65
2010-07-08,62.34,62.34,61.93,62.14,700,57.40
2010-07-07,62.00,62.00,62.00,62.00,000,57.27
2010-07-06,61.91,62.07,61.86,62.00,2700,57.27
2010-07-05,61.86,61.86,61.78,61.78,400,57.07
2010-07-02,61.85,61.85,61.85,61.85,600,57.14
2010-07-01,62.61,62.70,62.60,62.60,100,57.83
2010-06-30,62.65,62.79,62.50,62.75,900,57.97
2010-06-29,63.40,63.40,63.27,63.27,1300,58.45
2010-06-28,63.23,63.26,63.23,63.26,3100,58.44
2010-06-25,63.91,63.91,63.70,63.80,800,58.94
2010-06-24,63.97,64.26,63.93,64.26,500,59.36
2010-06-23,64.74,64.83,64.73,64.83,2200,59.89
2010-06-22,65.83,65.83,65.83,65.83,000,60.81
2010-06-21,65.83,65.83,65.83,65.83,000,60.81
2010-06-18,66.21,66.21,65.83,65.83,600,60.81
2010-06-17,66.45,66.45,66.39,66.40,1900,61.34
2010-06-16,66.16,66.16,66.16,66.16,400,61.12
2010-06-15,65.60,65.79,65.60,65.79,800,60.77
2010-06-11,65.66,65.66,65.66,65.66,100,60.65
2010-06-10,64.92,64.92,64.90,64.90,1000,59.95
2010-06-09,65.95,65.95,65.95,65.95,100,60.92
2010-06-08,66.90,66.90,66.90,66.90,000,61.80
2010-06-07,67.03,67.03,66.90,66.90,400,61.80
2010-06-04,67.13,67.40,67.08,67.32,1300,62.19
2010-06-03,67.01,67.05,67.00,67.01,1100,61.90
2010-06-02,66.12,66.42,66.12,66.42,400,61.36
2010-06-01,66.44,66.44,66.44,66.44,1800,61.38
2010-05-31,66.50,66.57,66.45,66.45,600,61.38
2010-05-28,66.72,66.72,66.72,66.72,100,61.63
2010-05-27,66.54,66.55,66.54,66.55,000,61.48
2010-05-26,67.22,67.22,67.22,67.22,200,62.10
2010-05-25,66.21,66.40,65.95,65.95,1200,60.92
2010-05-24,67.10,67.25,66.89,67.07,1500,61.96
2010-05-21,67.13,67.13,66.37,66.37,2000,61.31
2010-05-20,66.99,66.99,66.99,66.99,000,61.88
2010-05-19,67.00,67.00,66.44,66.99,600,61.88
2010-05-18,66.72,66.72,66.72,66.72,700,61.63
2010-05-17,66.66,66.68,66.20,66.20,1500,61.15
2010-05-14,67.20,67.20,66.64,66.67,1200,61.59
2010-05-13,67.20,67.20,67.13,67.13,500,62.01
2010-05-12,65.85,65.85,65.85,65.85,000,60.83
2010-05-11,65.89,65.97,65.80,65.85,2500,60.83
2010-05-10,64.63,64.80,64.63,64.80,1100,59.86
2010-05-07,64.50,65.36,64.50,65.00,2000,60.05
2010-05-06,66.17,66.29,66.17,66.29,2000,61.24
2010-05-05,68.00,68.00,66.43,66.44,1800,61.38
2010-05-04,66.87,66.87,66.80,66.80,3800,61.71
2010-05-03,66.75,66.75,66.12,66.17,2900,61.13
2010-04-30,66.82,66.82,66.75,66.75,300,61.66
2010-04-29,66.48,66.48,66.30,66.36,1100,61.30
2010-04-28,66.42,66.46,66.14,66.24,600,61.19
2010-04-27,67.36,67.36,67.30,67.33,400,62.20
2010-04-23,67.26,67.45,67.26,67.45,000,62.31
2010-04-22,67.00,67.00,66.57,66.57,300,61.50
2010-04-21,66.85,66.85,66.75,66.75,1300,61.66
2010-04-20,68.54,68.55,66.26,67.00,1700,61.89
2010-04-19,66.25,66.42,66.25,66.42,400,61.36
2010-04-16,66.56,66.59,66.56,66.59,200,61.51
2010-04-15,66.23,66.29,66.23,66.29,200,61.24
2010-04-14,66.20,66.20,66.01,66.01,600,60.98
2010-04-13,66.05,66.05,66.05,66.05,600,61.02
2010-04-12,65.77,65.77,65.72,65.72,000,60.71
2010-04-09,65.61,65.63,65.61,65.63,100,60.63
2010-04-08,65.41,65.41,65.25,65.25,1400,60.28
2010-04-07,65.71,65.71,65.46,65.46,200,60.47
2010-04-06,65.85,65.85,65.80,65.80,300,60.78
2010-04-01,65.35,65.35,65.35,65.35,1200,60.37
2010-03-31,65.28,65.28,65.11,65.11,700,60.15
2010-03-30,65.26,65.26,65.26,65.26,100,60.29
2010-03-29,66.00,66.03,65.90,65.90,100,60.88
2010-03-26,65.45,65.45,65.45,65.45,1300,60.46
2010-03-25,65.81,65.82,65.78,65.78,1300,60.77
2010-03-24,65.56,65.72,65.56,65.69,1200,60.68
2010-03-23,65.27,65.27,65.20,65.23,2300,60.26
2010-03-22,64.65,64.72,64.50,64.72,700,59.79
2010-03-19,64.87,64.87,64.87,64.87,000,59.93
2010-03-18,64.87,64.87,64.87,64.87,800,59.93
2010-03-17,64.90,64.90,64.90,64.90,300,59.95
2010-03-16,64.48,64.66,64.32,64.32,4500,59.42
2010-03-15,64.08,64.39,64.08,64.39,2400,59.48
2010-03-12,64.25,64.25,64.25,64.25,1300,59.35
2010-03-11,64.26,64.26,64.10,64.10,1100,59.21
2010-03-10,63.89,63.89,63.89,63.89,800,59.02
2010-03-09,64.27,64.27,64.27,64.27,000,59.37
2010-03-08,64.18,64.27,64.18,64.27,600,59.37
2010-03-05,63.97,63.97,63.74,63.74,1100,58.88
2010-03-04,63.41,63.41,63.41,63.41,1200,58.58
2010-03-03,63.43,63.43,63.38,63.39,1100,58.56
2010-03-02,63.50,63.52,63.32,63.45,900,58.61
2010-03-01,63.16,63.16,63.16,63.16,300,58.35
2010-02-26,63.55,63.72,63.47,63.47,700,58.63
2010-02-25,63.10,63.10,63.10,63.10,000,58.29
2010-02-24,62.95,62.95,62.95,62.95,500,58.15
2010-02-23,62.98,63.02,62.98,63.02,1300,58.22
2010-02-22,62.75,62.75,62.75,62.75,000,57.97
2010-02-19,62.89,62.89,62.75,62.75,1300,57.97
2010-02-18,62.45,62.64,62.45,62.64,500,57.87
2010-02-17,61.70,61.70,61.70,61.70,000,57.00
2010-02-16,62.10,62.10,61.70,61.70,3000,57.00
2010-02-15,62.15,62.15,62.05,62.05,900,57.32
2010-02-12,61.66,61.80,61.66,61.80,8100,57.09
2010-02-11,62.04,62.08,62.04,62.08,500,57.35
2010-02-10,62.08,62.08,62.07,62.07,200,57.34
2010-02-09,62.35,62.36,62.35,62.36,800,57.61
2010-02-08,62.00,62.51,62.00,62.32,600,57.57
2010-02-05,62.51,62.54,62.51,62.54,2100,57.77
2010-02-04,63.20,63.20,63.20,63.20,000,58.38
2010-02-03,63.19,63.23,63.19,63.20,1400,58.38
2010-02-02,62.15,62.86,62.15,62.86,3200,58.07
2010-02-01,61.74,62.16,61.74,62.16,4200,57.42
2010-01-29,61.61,61.79,61.61,61.70,800,57.00
2010-01-28,62.30,62.60,62.30,62.60,1000,57.83
2010-01-27,62.70,62.70,61.73,61.73,800,57.02
2010-01-25,63.00,63.00,61.86,62.02,1400,57.29
2010-01-22,62.62,62.94,62.62,62.94,500,58.14
2010-01-21,63.60,63.60,63.53,63.53,500,58.69
2010-01-20,63.35,63.58,63.10,63.58,500,58.73
2010-01-19,62.77,62.77,62.77,62.77,000,57.99
2010-01-18,62.61,62.89,62.59,62.77,1500,57.99
2010-01-15,62.70,62.70,62.70,62.70,000,57.92
2010-01-14,62.75,62.75,62.75,62.75,000,57.97
2010-01-13,62.80,62.80,62.75,62.75,1700,57.97
2010-01-12,62.40,62.89,62.40,62.80,2100,58.01
2010-01-11,62.87,62.95,62.87,62.95,1000,58.15
2010-01-08,63.34,63.35,63.34,63.35,100,58.52
2010-01-07,62.65,62.66,62.63,62.63,500,57.86
2010-01-06,62.99,62.99,62.99,62.99,000,58.19
2010-01-05,63.30,63.30,62.99,62.99,100,58.19
2010-01-04,63.15,63.69,63.15,63.69,800,58.84
2009-12-31,63.80,63.80,63.80,63.80,200,58.94
2009-12-30,64.01,64.01,64.01,64.01,300,59.13
2009-12-29,65.08,65.08,65.08,65.08,000,60.12
2009-12-24,65.00,65.08,65.00,65.08,000,60.12
2009-12-23,64.77,65.42,64.70,65.42,8200,60.43
2009-12-22,64.71,64.78,64.58,64.66,5200,59.73
2009-12-21,63.29,63.39,63.29,63.32,1300,58.49
2009-12-18,63.09,63.37,63.09,63.29,1500,58.47
2009-12-17,62.93,62.93,62.93,62.93,000,58.13
2009-12-16,62.29,62.29,62.29,62.29,100,57.54
2009-12-15,61.80,61.80,61.80,61.80,100,57.09
2009-12-14,61.65,62.29,61.65,62.29,800,57.54
2009-12-11,61.16,61.30,60.65,61.16,2000,56.50
2009-12-10,61.28,61.28,60.94,60.94,2100,56.29
2009-12-09,61.13,61.13,61.13,61.13,000,56.47
2009-12-08,61.49,61.49,61.49,61.49,000,56.80
2009-12-07,61.00,61.63,61.00,61.49,6900,56.80
2009-12-04,60.26,60.35,60.25,60.25,100,55.66
2009-12-03,60.69,60.69,60.65,60.65,300,56.03
2009-12-02,60.69,60.69,60.27,60.57,4900,55.95
2009-12-01,60.38,60.47,60.32,60.44,500,55.83
2009-11-30,60.55,60.64,60.47,60.47,1700,55.86
2009-11-27,60.34,60.70,60.34,60.68,2000,56.05
2009-11-26,60.45,60.45,60.45,60.45,300,55.84
2009-11-25,60.58,60.58,60.53,60.53,400,55.92
2009-11-24,60.50,60.50,60.50,60.50,000,55.89
2009-11-23,60.48,60.50,60.48,60.50,300,55.89
2009-11-20,60.39,60.39,60.39,60.39,300,55.79
2009-11-19,60.65,60.72,60.50,60.72,900,56.09
2009-11-18,60.51,60.69,60.51,60.62,1400,56.00
2009-11-17,60.07,60.07,59.98,59.99,300,55.42
2009-11-16,59.46,59.81,59.46,59.81,400,55.25
2009-11-13,59.71,59.71,59.71,59.71,500,55.16
2009-11-12,59.88,59.88,59.65,59.65,700,55.10
2009-11-11,59.84,59.88,59.84,59.88,800,55.32
2009-11-10,59.53,59.53,59.53,59.53,000,54.99
2009-11-09,60.00,60.00,58.65,58.65,8800,54.18
2009-11-06,59.45,59.45,59.36,59.40,500,54.87
2009-11-05,58.42,58.42,58.30,58.30,700,53.86
2009-11-04,58.80,58.80,58.70,58.70,100,54.23
2009-11-03,58.23,58.23,58.23,58.23,000,53.79
2009-11-02,58.50,58.52,58.23,58.23,2400,53.79
2009-10-30,58.82,58.83,58.74,58.74,300,54.26
2009-10-29,58.90,58.90,58.90,58.90,300,54.41
2009-10-28,59.30,59.37,59.02,59.37,700,54.84
2009-10-27,59.20,59.25,59.15,59.15,700,54.64
2009-10-26,59.65,59.65,59.50,59.50,200,54.96
2009-10-23,60.21,60.21,60.10,60.10,1200,55.52
2009-10-22,60.22,60.22,59.06,59.33,600,54.81
2009-10-21,61.00,61.00,60.22,60.22,400,55.63
2009-10-20,60.40,60.40,60.40,60.40,000,55.80
2009-10-19,60.37,60.40,60.37,60.40,400,55.80
2009-10-16,60.36,60.51,60.28,60.51,1200,55.90
2009-10-15,60.68,60.68,60.38,60.38,600,55.78
2009-10-14,60.37,60.37,60.37,60.37,000,55.77
2009-10-13,60.37,60.37,60.37,60.37,1300,55.77
2009-10-12,60.51,60.51,60.51,60.51,100,55.90
2009-10-09,60.22,60.22,59.95,59.95,500,55.38
2009-10-08,60.35,60.35,60.35,60.35,200,55.75
2009-10-07,60.37,60.40,60.37,60.37,300,55.77
2009-10-06,60.35,60.35,60.27,60.27,1700,55.68
2009-10-05,59.87,59.87,59.87,59.87,1300,55.31
2009-10-02,60.27,60.27,60.21,60.21,400,55.62
2009-10-01,60.89,60.92,60.81,60.92,400,56.28
2009-09-30,61.85,61.85,61.85,61.85,000,57.14
2009-09-29,61.90,61.90,61.90,61.90,300,57.18
2009-09-28,61.75,61.75,61.50,61.50,2300,56.81
2009-09-25,61.72,61.72,61.70,61.70,500,57.00
2009-09-24,62.59,62.59,62.27,62.27,500,57.52
2009-09-23,62.51,62.51,62.51,62.51,100,57.75
2009-09-22,62.84,62.84,62.84,62.84,000,58.05
2009-09-21,62.80,62.84,62.80,62.84,100,58.05
2009-09-18,62.44,62.44,62.44,62.44,000,57.68
2009-09-17,62.60,62.60,62.53,62.56,600,57.79
2009-09-16,62.21,62.41,62.21,62.41,1600,57.65
2009-09-15,61.53,61.53,61.53,61.53,000,56.84
2009-09-14,61.53,61.53,61.53,61.53,000,56.84
2009-09-11,61.53,61.53,61.53,61.53,000,56.84
2009-09-10,61.14,61.53,61.14,61.53,1100,56.84
2009-09-09,60.32,60.63,60.32,60.63,000,56.01
2009-09-08,60.76,60.82,60.76,60.82,1400,56.18
2009-09-07,60.74,60.74,60.50,60.50,300,55.89
2009-09-04,60.75,60.75,60.71,60.74,1000,56.11
2009-09-03,60.74,60.74,60.74,60.74,000,56.11
2009-09-02,61.58,61.58,61.27,61.27,1500,56.60
2009-09-01,61.82,61.82,61.82,61.82,000,57.11
2009-08-31,62.22,62.22,62.16,62.16,700,57.42
2009-08-28,63.00,63.00,62.45,62.45,100,57.69
2009-08-27,63.00,63.00,63.00,63.00,600,58.20
2009-08-26,62.58,62.58,62.58,62.58,100,57.81
2009-08-25,62.31,62.37,62.31,62.37,3100,57.62
2009-08-24,62.27,62.52,62.27,62.52,900,57.75
2009-08-21,61.95,61.95,61.43,61.50,600,56.81
2009-08-20,61.36,61.36,61.36,61.36,200,56.68
2009-08-19,60.70,60.70,60.70,60.70,600,56.07
2009-08-18,60.56,60.56,60.56,60.56,100,55.94
2009-08-17,61.90,61.90,61.90,61.90,200,57.18
2009-08-14,61.15,61.45,61.15,61.45,200,56.77
2009-08-13,61.32,61.32,61.32,61.32,900,56.65
2009-08-12,61.32,61.44,61.32,61.44,400,56.76
2009-08-11,61.25,61.80,61.25,61.74,700,57.03
2009-08-10,60.97,61.23,60.97,61.23,500,56.56
2009-08-07,60.25,60.38,60.25,60.38,100,55.78
2009-08-06,60.68,60.68,60.54,60.57,100,55.95
2009-08-05,60.68,60.68,60.68,60.68,000,56.05
2009-08-04,60.22,60.22,60.20,60.20,300,55.61
2009-08-03,59.90,60.06,59.90,60.06,700,55.48
2009-07-31,60.44,60.44,60.35,60.35,200,55.75
2009-07-30,60.80,60.80,60.75,60.75,1200,56.12
2009-07-29,60.00,60.00,60.00,60.00,100,55.43
2009-07-28,60.37,60.37,60.37,60.37,000,55.77
2009-07-27,60.39,60.39,60.37,60.37,2400,55.77
2009-07-24,60.00,60.06,60.00,60.06,200,55.48
2009-07-23,59.15,59.15,59.15,59.15,100,54.64
2009-07-22,59.05,59.05,59.05,59.05,000,54.55
2009-07-21,59.05,59.05,59.05,59.05,100,54.55
2009-07-20,58.93,59.17,58.93,59.17,100,54.66
2009-07-17,59.02,59.09,59.02,59.04,400,54.54
2009-07-16,56.65,56.65,56.65,56.65,000,52.33
2009-07-15,56.65,56.65,56.65,56.65,000,52.33
2009-07-14,56.65,56.65,56.65,56.65,000,52.33
2009-07-13,56.65,56.65,56.65,56.65,200,52.33
2009-07-10,56.71,56.94,56.71,56.81,1000,52.48
2009-07-09,57.06,57.06,57.06,57.06,700,52.71
2009-07-08,56.55,56.55,56.45,56.45,300,52.15
2009-07-07,56.75,56.75,56.75,56.75,300,52.42
2009-07-06,56.87,56.87,56.78,56.78,300,52.45
2009-07-03,57.06,57.06,57.06,57.06,200,52.71
2009-07-02,57.80,57.80,57.80,57.80,1000,53.39
2009-07-01,57.60,57.60,57.60,57.60,000,53.21
2009-06-30,57.51,57.51,57.51,57.51,000,53.13
2009-06-29,57.51,57.51,57.51,57.51,000,53.13
2009-06-26,56.90,56.90,56.90,56.90,000,52.56
2009-06-25,56.96,56.96,56.90,56.90,200,52.56
2009-06-24,56.91,56.94,56.91,56.94,500,52.60
2009-06-23,57.73,57.79,57.60,57.79,900,53.38
2009-06-22,57.78,57.78,57.78,57.78,200,53.38
2009-06-19,57.63,57.63,57.51,57.51,800,53.13
2009-06-18,59.00,59.00,59.00,59.00,000,54.50
2009-06-17,59.00,59.00,59.00,59.00,000,54.50
2009-06-16,59.00,59.00,59.00,59.00,000,54.50
2009-06-15,59.05,59.06,59.03,59.06,300,54.56
2009-06-12,58.57,58.57,58.57,58.57,000,54.11
2009-06-11,59.28,59.28,59.15,59.15,300,54.64
2009-06-10,59.65,59.65,59.41,59.41,000,54.88
2009-06-09,59.12,59.12,59.12,59.12,000,54.61
2009-06-05,59.12,59.12,59.12,59.12,000,54.61
2009-06-04,59.02,59.27,59.02,59.12,1400,54.61
2009-06-03,58.33,58.33,58.00,58.00,2100,53.58
2009-06-02,58.12,58.12,58.12,58.12,000,53.69
2009-06-01,58.12,58.12,58.12,58.12,000,53.69
2009-05-29,58.12,58.12,58.12,58.12,100,53.69
2009-05-28,58.09,58.09,58.09,58.09,100,53.66
2009-05-27,58.48,58.48,58.48,58.48,100,54.02
2009-05-26,57.25,57.25,57.25,57.25,000,52.89
2009-05-25,57.25,57.25,57.25,57.25,100,52.89
2009-05-22,57.82,57.82,57.82,57.82,100,53.41
2009-05-21,58.63,58.63,58.39,58.39,300,53.94
2009-05-20,60.10,60.10,60.10,60.10,000,55.52
2009-05-19,60.01,60.10,60.01,60.10,1300,55.52
2009-05-18,60.30,60.30,60.30,60.30,000,55.70
2009-05-15,60.30,60.30,60.30,60.30,000,55.70
2009-05-14,60.30,60.30,60.30,60.30,000,55.70
2009-05-13,60.30,60.30,60.30,60.30,000,55.70
2009-05-12,60.08,60.38,60.08,60.30,400,55.70
